-- MySQL dump 10.13  Distrib 8.0.35, for Win64 (x86_64)
--
-- Host: localhost    Database: products
-- ------------------------------------------------------
-- Server version	8.0.35

/*!40101 SET @OLD_CHARACTER_SET_CLIENT=@@CHARACTER_SET_CLIENT */;
/*!40101 SET @OLD_CHARACTER_SET_RESULTS=@@CHARACTER_SET_RESULTS */;
/*!40101 SET @OLD_COLLATION_CONNECTION=@@COLLATION_CONNECTION */;
/*!50503 SET NAMES utf8mb4 */;
/*!40103 SET @OLD_TIME_ZONE=@@TIME_ZONE */;
/*!40103 SET TIME_ZONE='+00:00' */;
/*!40014 SET @OLD_UNIQUE_CHECKS=@@UNIQUE_CHECKS, UNIQUE_CHECKS=0 */;
/*!40014 SET @OLD_FOREIGN_KEY_CHECKS=@@FOREIGN_KEY_CHECKS, FOREIGN_KEY_CHECKS=0 */;
/*!40101 SET @OLD_SQL_MODE=@@SQL_MODE, SQL_MODE='NO_AUTO_VALUE_ON_ZERO' */;
/*!40111 SET @OLD_SQL_NOTES=@@SQL_NOTES, SQL_NOTES=0 */;

--
-- Table structure for table `categories`
--

DROP TABLE IF EXISTS `categories`;
/*!40101 SET @saved_cs_client     = @@character_set_client */;
/*!50503 SET character_set_client = utf8mb4 */;
CREATE TABLE `categories` (
  `ID` int NOT NULL AUTO_INCREMENT,
  `name` varchar(80) DEFAULT NULL,
  PRIMARY KEY (`ID`)
) ENGINE=InnoDB AUTO_INCREMENT=195 DEFAULT CHARSET=utf8mb4 COLLATE=utf8mb4_0900_ai_ci;
/*!40101 SET character_set_client = @saved_cs_client */;

--
-- Dumping data for table `categories`
--

LOCK TABLES `categories` WRITE;
/*!40000 ALTER TABLE `categories` DISABLE KEYS */;
INSERT INTO `categories` VALUES (1,'beauty'),(2,'beauty'),(3,'beauty'),(4,'beauty'),(5,'beauty'),(6,'fragrances'),(7,'fragrances'),(8,'fragrances'),(9,'fragrances'),(10,'fragrances'),(11,'furniture'),(12,'furniture'),(13,'furniture'),(14,'furniture'),(15,'furniture'),(16,'groceries'),(17,'groceries'),(18,'groceries'),(19,'groceries'),(20,'groceries'),(21,'groceries'),(22,'groceries'),(23,'groceries'),(24,'groceries'),(25,'groceries'),(26,'groceries'),(27,'groceries'),(28,'groceries'),(29,'groceries'),(30,'groceries'),(31,'groceries'),(32,'groceries'),(33,'groceries'),(34,'groceries'),(35,'groceries'),(36,'groceries'),(37,'groceries'),(38,'groceries'),(39,'groceries'),(40,'groceries'),(41,'groceries'),(42,'groceries'),(43,'home-decoration'),(44,'home-decoration'),(45,'home-decoration'),(46,'home-decoration'),(47,'home-decoration'),(48,'kitchen-accessories'),(49,'kitchen-accessories'),(50,'kitchen-accessories'),(51,'kitchen-accessories'),(52,'kitchen-accessories'),(53,'kitchen-accessories'),(54,'kitchen-accessories'),(55,'kitchen-accessories'),(56,'kitchen-accessories'),(57,'kitchen-accessories'),(58,'kitchen-accessories'),(59,'kitchen-accessories'),(60,'kitchen-accessories'),(61,'kitchen-accessories'),(62,'kitchen-accessories'),(63,'kitchen-accessories'),(64,'kitchen-accessories'),(65,'kitchen-accessories'),(66,'kitchen-accessories'),(67,'kitchen-accessories'),(68,'kitchen-accessories'),(69,'kitchen-accessories'),(70,'kitchen-accessories'),(71,'kitchen-accessories'),(72,'kitchen-accessories'),(73,'kitchen-accessories'),(74,'kitchen-accessories'),(75,'kitchen-accessories'),(76,'kitchen-accessories'),(77,'kitchen-accessories'),(78,'laptops'),(79,'laptops'),(80,'laptops'),(81,'laptops'),(82,'laptops'),(83,'mens-shirts'),(84,'mens-shirts'),(85,'mens-shirts'),(86,'mens-shirts'),(87,'mens-shirts'),(88,'mens-shoes'),(89,'mens-shoes'),(90,'mens-shoes'),(91,'mens-shoes'),(92,'mens-shoes'),(93,'mens-watches'),(94,'mens-watches'),(95,'mens-watches'),(96,'mens-watches'),(97,'mens-watches'),(98,'mens-watches'),(99,'mobile-accessories'),(100,'mobile-accessories'),(101,'mobile-accessories'),(102,'mobile-accessories'),(103,'mobile-accessories'),(104,'mobile-accessories'),(105,'mobile-accessories'),(106,'mobile-accessories'),(107,'mobile-accessories'),(108,'mobile-accessories'),(109,'mobile-accessories'),(110,'mobile-accessories'),(111,'mobile-accessories'),(112,'mobile-accessories'),(113,'motorcycle'),(114,'motorcycle'),(115,'motorcycle'),(116,'motorcycle'),(117,'motorcycle'),(118,'skin-care'),(119,'skin-care'),(120,'skin-care'),(121,'smartphones'),(122,'smartphones'),(123,'smartphones'),(124,'smartphones'),(125,'smartphones'),(126,'smartphones'),(127,'smartphones'),(128,'smartphones'),(129,'smartphones'),(130,'smartphones'),(131,'smartphones'),(132,'smartphones'),(133,'smartphones'),(134,'smartphones'),(135,'smartphones'),(136,'smartphones'),(137,'sports-accessories'),(138,'sports-accessories'),(139,'sports-accessories'),(140,'sports-accessories'),(141,'sports-accessories'),(142,'sports-accessories'),(143,'sports-accessories'),(144,'sports-accessories'),(145,'sports-accessories'),(146,'sports-accessories'),(147,'sports-accessories'),(148,'sports-accessories'),(149,'sports-accessories'),(150,'sports-accessories'),(151,'sports-accessories'),(152,'sports-accessories'),(153,'sports-accessories'),(154,'sunglasses'),(155,'sunglasses'),(156,'sunglasses'),(157,'sunglasses'),(158,'sunglasses'),(159,'tablets'),(160,'tablets'),(161,'tablets'),(162,'tops'),(163,'tops'),(164,'tops'),(165,'tops'),(166,'tops'),(167,'vehicle'),(168,'vehicle'),(169,'vehicle'),(170,'vehicle'),(171,'vehicle'),(172,'womens-bags'),(173,'womens-bags'),(174,'womens-bags'),(175,'womens-bags'),(176,'womens-bags'),(177,'womens-dresses'),(178,'womens-dresses'),(179,'womens-dresses'),(180,'womens-dresses'),(181,'womens-dresses'),(182,'womens-jewellery'),(183,'womens-jewellery'),(184,'womens-jewellery'),(185,'womens-shoes'),(186,'womens-shoes'),(187,'womens-shoes'),(188,'womens-shoes'),(189,'womens-shoes'),(190,'womens-watches'),(191,'womens-watches'),(192,'womens-watches'),(193,'womens-watches'),(194,'womens-watches');
/*!40000 ALTER TABLE `categories` ENABLE KEYS */;
UNLOCK TABLES;

--
-- Table structure for table `imageproduct`
--

DROP TABLE IF EXISTS `imageproduct`;
/*!40101 SET @saved_cs_client     = @@character_set_client */;
/*!50503 SET character_set_client = utf8mb4 */;
CREATE TABLE `imageproduct` (
  `ID` int NOT NULL AUTO_INCREMENT,
  `idimage` int DEFAULT NULL,
  `idproduct` int DEFAULT NULL,
  PRIMARY KEY (`ID`)
) ENGINE=InnoDB AUTO_INCREMENT=475 DEFAULT CHARSET=utf8mb4 COLLATE=utf8mb4_0900_ai_ci;
/*!40101 SET character_set_client = @saved_cs_client */;

--
-- Dumping data for table `imageproduct`
--

LOCK TABLES `imageproduct` WRITE;
/*!40000 ALTER TABLE `imageproduct` DISABLE KEYS */;
INSERT INTO `imageproduct` VALUES (1,1,1),(2,2,2),(3,3,3),(4,4,4),(5,5,5),(6,6,6),(7,7,6),(8,8,6),(9,9,7),(10,10,7),(11,11,7),(12,12,8),(13,13,8),(14,14,8),(15,15,9),(16,16,9),(17,17,9),(18,18,10),(19,19,10),(20,20,10),(21,21,11),(22,22,11),(23,23,11),(24,24,12),(25,25,12),(26,26,12),(27,27,13),(28,28,13),(29,29,13),(30,30,14),(31,31,14),(32,32,14),(33,33,15),(34,34,15),(35,35,15),(36,36,16),(37,37,17),(38,38,18),(39,39,19),(40,40,19),(41,41,20),(42,42,21),(43,43,22),(44,44,23),(45,45,24),(46,46,25),(47,47,26),(48,48,27),(49,49,28),(50,50,28),(51,51,28),(52,52,28),(53,53,29),(54,54,30),(55,55,31),(56,56,32),(57,57,33),(58,58,34),(59,59,35),(60,60,36),(61,61,37),(62,62,38),(63,63,39),(64,64,40),(65,65,41),(66,66,41),(67,67,42),(68,68,43),(69,69,43),(70,70,43),(71,71,44),(72,72,45),(73,73,45),(74,74,45),(75,75,46),(76,76,46),(77,77,46),(78,78,46),(79,79,47),(80,80,48),(81,81,49),(82,82,49),(83,83,50),(84,84,51),(85,85,51),(86,86,51),(87,87,51),(88,88,52),(89,89,53),(90,90,54),(91,91,55),(92,92,56),(93,93,56),(94,94,56),(95,95,56),(96,96,57),(97,97,58),(98,98,59),(99,99,60),(100,100,61),(101,101,62),(102,102,63),(103,103,64),(104,104,65),(105,105,66),(106,106,66),(107,107,66),(108,108,66),(109,109,67),(110,110,67),(111,111,68),(112,112,69),(113,113,70),(114,114,71),(115,115,72),(116,116,73),(117,117,74),(118,118,75),(119,119,76),(120,120,77),(121,121,78),(122,122,78),(123,123,78),(124,124,79),(125,125,79),(126,126,79),(127,127,80),(128,128,80),(129,129,80),(130,130,81),(131,131,81),(132,132,81),(133,133,82),(134,134,82),(135,135,82),(136,136,83),(137,137,83),(138,138,83),(139,139,83),(140,140,84),(141,141,84),(142,142,84),(143,143,84),(144,144,85),(145,145,85),(146,146,85),(147,147,85),(148,148,86),(149,149,86),(150,150,86),(151,151,86),(152,152,87),(153,153,87),(154,154,87),(155,155,87),(156,156,88),(157,157,88),(158,158,88),(159,159,88),(160,160,89),(161,161,89),(162,162,89),(163,163,89),(164,164,90),(165,165,90),(166,166,90),(167,167,90),(168,168,91),(169,169,91),(170,170,91),(171,171,91),(172,172,92),(173,173,92),(174,174,92),(175,175,92),(176,176,93),(177,177,93),(178,178,93),(179,179,94),(180,180,94),(181,181,94),(182,182,95),(183,183,95),(184,184,95),(185,185,96),(186,186,96),(187,187,96),(188,188,97),(189,189,97),(190,190,97),(191,191,98),(192,192,98),(193,193,98),(194,194,99),(195,195,99),(196,196,100),(197,197,100),(198,198,100),(199,199,101),(200,200,102),(201,201,103),(202,202,104),(203,203,104),(204,204,105),(205,205,105),(206,206,106),(207,207,106),(208,208,106),(209,209,107),(210,210,108),(211,211,108),(212,212,108),(213,213,108),(214,214,109),(215,215,109),(216,216,110),(217,217,111),(218,218,112),(219,219,113),(220,220,113),(221,221,113),(222,222,113),(223,223,114),(224,224,114),(225,225,114),(226,226,114),(227,227,115),(228,228,115),(229,229,115),(230,230,115),(231,231,116),(232,232,116),(233,233,116),(234,234,116),(235,235,117),(236,236,117),(237,237,117),(238,238,117),(239,239,118),(240,240,118),(241,241,118),(242,242,119),(243,243,119),(244,244,119),(245,245,120),(246,246,120),(247,247,120),(248,248,121),(249,249,121),(250,250,121),(251,251,122),(252,252,122),(253,253,122),(254,254,123),(255,255,123),(256,256,123),(257,257,124),(258,258,124),(259,259,124),(260,260,125),(261,261,125),(262,262,125),(263,263,126),(264,264,126),(265,265,126),(266,266,127),(267,267,127),(268,268,127),(269,269,127),(270,270,128),(271,271,128),(272,272,128),(273,273,129),(274,274,129),(275,275,129),(276,276,130),(277,277,130),(278,278,130),(279,279,131),(280,280,131),(281,281,131),(282,282,132),(283,283,132),(284,284,132),(285,285,133),(286,286,133),(287,287,133),(288,288,134),(289,289,134),(290,290,134),(291,291,135),(292,292,135),(293,293,135),(294,294,136),(295,295,136),(296,296,136),(297,297,137),(298,298,138),(299,299,139),(300,300,139),(301,301,139),(302,302,140),(303,303,141),(304,304,142),(305,305,143),(306,306,144),(307,307,144),(308,308,144),(309,309,144),(310,310,145),(311,311,146),(312,312,147),(313,313,148),(314,314,149),(315,315,150),(316,316,151),(317,317,152),(318,318,153),(319,319,154),(320,320,154),(321,321,154),(322,322,155),(323,323,155),(324,324,155),(325,325,156),(326,326,156),(327,327,156),(328,328,157),(329,329,157),(330,330,157),(331,331,158),(332,332,158),(333,333,158),(334,334,159),(335,335,159),(336,336,159),(337,337,159),(338,338,160),(339,339,160),(340,340,160),(341,341,160),(342,342,161),(343,343,161),(344,344,161),(345,345,161),(346,346,162),(347,347,162),(348,348,162),(349,349,162),(350,350,163),(351,351,163),(352,352,163),(353,353,163),(354,354,164),(355,355,164),(356,356,164),(357,357,164),(358,358,165),(359,359,165),(360,360,165),(361,361,165),(362,362,166),(363,363,166),(364,364,166),(365,365,166),(366,366,167),(367,367,167),(368,368,167),(369,369,167),(370,370,167),(371,371,167),(372,372,168),(373,373,168),(374,374,168),(375,375,168),(376,376,168),(377,377,168),(378,378,169),(379,379,169),(380,380,169),(381,381,169),(382,382,169),(383,383,169),(384,384,170),(385,385,170),(386,386,170),(387,387,170),(388,388,170),(389,389,170),(390,390,171),(391,391,171),(392,392,171),(393,393,171),(394,394,171),(395,395,171),(396,396,172),(397,397,172),(398,398,172),(399,399,173),(400,400,173),(401,401,173),(402,402,174),(403,403,174),(404,404,174),(405,405,175),(406,406,175),(407,407,175),(408,408,176),(409,409,176),(410,410,176),(411,411,177),(412,412,177),(413,413,177),(414,414,177),(415,415,178),(416,416,178),(417,417,178),(418,418,178),(419,419,179),(420,420,179),(421,421,179),(422,422,179),(423,423,180),(424,424,180),(425,425,180),(426,426,180),(427,427,181),(428,428,181),(429,429,181),(430,430,181),(431,431,182),(432,432,182),(433,433,182),(434,434,183),(435,435,183),(436,436,183),(437,437,184),(438,438,184),(439,439,184),(440,440,185),(441,441,185),(442,442,185),(443,443,185),(444,444,186),(445,445,186),(446,446,186),(447,447,186),(448,448,187),(449,449,187),(450,450,187),(451,451,187),(452,452,188),(453,453,188),(454,454,188),(455,455,188),(456,456,189),(457,457,189),(458,458,189),(459,459,189),(460,460,190),(461,461,190),(462,462,190),(463,463,191),(464,464,191),(465,465,191),(466,466,192),(467,467,192),(468,468,192),(469,469,193),(470,470,193),(471,471,193),(472,472,194),(473,473,194),(474,474,194);
/*!40000 ALTER TABLE `imageproduct` ENABLE KEYS */;
UNLOCK TABLES;

--
-- Table structure for table `images`
--

DROP TABLE IF EXISTS `images`;
/*!40101 SET @saved_cs_client     = @@character_set_client */;
/*!50503 SET character_set_client = utf8mb4 */;
CREATE TABLE `images` (
  `ID` int NOT NULL AUTO_INCREMENT,
  `image` varchar(120) DEFAULT NULL,
  PRIMARY KEY (`ID`)
) ENGINE=InnoDB AUTO_INCREMENT=475 DEFAULT CHARSET=utf8mb4 COLLATE=utf8mb4_0900_ai_ci;
/*!40101 SET character_set_client = @saved_cs_client */;

--
-- Dumping data for table `images`
--

LOCK TABLES `images` WRITE;
/*!40000 ALTER TABLE `images` DISABLE KEYS */;
INSERT INTO `images` VALUES (1,'https://cdn.dummyjson.com/products/images/beauty/Essence%20Mascara%20Lash%20Princess/1.png'),(2,'https://cdn.dummyjson.com/products/images/beauty/Eyeshadow%20Palette%20with%20Mirror/1.png'),(3,'https://cdn.dummyjson.com/products/images/beauty/Powder%20Canister/1.png'),(4,'https://cdn.dummyjson.com/products/images/beauty/Red%20Lipstick/1.png'),(5,'https://cdn.dummyjson.com/products/images/beauty/Red%20Nail%20Polish/1.png'),(6,'https://cdn.dummyjson.com/products/images/fragrances/Calvin%20Klein%20CK%20One/1.png'),(7,'https://cdn.dummyjson.com/products/images/fragrances/Calvin%20Klein%20CK%20One/2.png'),(8,'https://cdn.dummyjson.com/products/images/fragrances/Calvin%20Klein%20CK%20One/3.png'),(9,'https://cdn.dummyjson.com/products/images/fragrances/Chanel%20Coco%20Noir%20Eau%20De/1.png'),(10,'https://cdn.dummyjson.com/products/images/fragrances/Chanel%20Coco%20Noir%20Eau%20De/2.png'),(11,'https://cdn.dummyjson.com/products/images/fragrances/Chanel%20Coco%20Noir%20Eau%20De/3.png'),(12,'https://cdn.dummyjson.com/products/images/fragrances/Dior%20J\'adore/1.png'),(13,'https://cdn.dummyjson.com/products/images/fragrances/Dior%20J\'adore/2.png'),(14,'https://cdn.dummyjson.com/products/images/fragrances/Dior%20J\'adore/3.png'),(15,'https://cdn.dummyjson.com/products/images/fragrances/Dolce%20Shine%20Eau%20de/1.png'),(16,'https://cdn.dummyjson.com/products/images/fragrances/Dolce%20Shine%20Eau%20de/2.png'),(17,'https://cdn.dummyjson.com/products/images/fragrances/Dolce%20Shine%20Eau%20de/3.png'),(18,'https://cdn.dummyjson.com/products/images/fragrances/Gucci%20Bloom%20Eau%20de/1.png'),(19,'https://cdn.dummyjson.com/products/images/fragrances/Gucci%20Bloom%20Eau%20de/2.png'),(20,'https://cdn.dummyjson.com/products/images/fragrances/Gucci%20Bloom%20Eau%20de/3.png'),(21,'https://cdn.dummyjson.com/products/images/furniture/Annibale%20Colombo%20Bed/1.png'),(22,'https://cdn.dummyjson.com/products/images/furniture/Annibale%20Colombo%20Bed/2.png'),(23,'https://cdn.dummyjson.com/products/images/furniture/Annibale%20Colombo%20Bed/3.png'),(24,'https://cdn.dummyjson.com/products/images/furniture/Annibale%20Colombo%20Sofa/1.png'),(25,'https://cdn.dummyjson.com/products/images/furniture/Annibale%20Colombo%20Sofa/2.png'),(26,'https://cdn.dummyjson.com/products/images/furniture/Annibale%20Colombo%20Sofa/3.png'),(27,'https://cdn.dummyjson.com/products/images/furniture/Bedside%20Table%20African%20Cherry/1.png'),(28,'https://cdn.dummyjson.com/products/images/furniture/Bedside%20Table%20African%20Cherry/2.png'),(29,'https://cdn.dummyjson.com/products/images/furniture/Bedside%20Table%20African%20Cherry/3.png'),(30,'https://cdn.dummyjson.com/products/images/furniture/Knoll%20Saarinen%20Executive%20Conference%20Chair/1.png'),(31,'https://cdn.dummyjson.com/products/images/furniture/Knoll%20Saarinen%20Executive%20Conference%20Chair/2.png'),(32,'https://cdn.dummyjson.com/products/images/furniture/Knoll%20Saarinen%20Executive%20Conference%20Chair/3.png'),(33,'https://cdn.dummyjson.com/products/images/furniture/Wooden%20Bathroom%20Sink%20With%20Mirror/1.png'),(34,'https://cdn.dummyjson.com/products/images/furniture/Wooden%20Bathroom%20Sink%20With%20Mirror/2.png'),(35,'https://cdn.dummyjson.com/products/images/furniture/Wooden%20Bathroom%20Sink%20With%20Mirror/3.png'),(36,'https://cdn.dummyjson.com/products/images/groceries/Apple/1.png'),(37,'https://cdn.dummyjson.com/products/images/groceries/Beef%20Steak/1.png'),(38,'https://cdn.dummyjson.com/products/images/groceries/Cat%20Food/1.png'),(39,'https://cdn.dummyjson.com/products/images/groceries/Chicken%20Meat/1.png'),(40,'https://cdn.dummyjson.com/products/images/groceries/Chicken%20Meat/2.png'),(41,'https://cdn.dummyjson.com/products/images/groceries/Cooking%20Oil/1.png'),(42,'https://cdn.dummyjson.com/products/images/groceries/Cucumber/1.png'),(43,'https://cdn.dummyjson.com/products/images/groceries/Dog%20Food/1.png'),(44,'https://cdn.dummyjson.com/products/images/groceries/Eggs/1.png'),(45,'https://cdn.dummyjson.com/products/images/groceries/Fish%20Steak/1.png'),(46,'https://cdn.dummyjson.com/products/images/groceries/Green%20Bell%20Pepper/1.png'),(47,'https://cdn.dummyjson.com/products/images/groceries/Green%20Chili%20Pepper/1.png'),(48,'https://cdn.dummyjson.com/products/images/groceries/Honey%20Jar/1.png'),(49,'https://cdn.dummyjson.com/products/images/groceries/Ice%20Cream/1.png'),(50,'https://cdn.dummyjson.com/products/images/groceries/Ice%20Cream/2.png'),(51,'https://cdn.dummyjson.com/products/images/groceries/Ice%20Cream/3.png'),(52,'https://cdn.dummyjson.com/products/images/groceries/Ice%20Cream/4.png'),(53,'https://cdn.dummyjson.com/products/images/groceries/Juice/1.png'),(54,'https://cdn.dummyjson.com/products/images/groceries/Kiwi/1.png'),(55,'https://cdn.dummyjson.com/products/images/groceries/Lemon/1.png'),(56,'https://cdn.dummyjson.com/products/images/groceries/Milk/1.png'),(57,'https://cdn.dummyjson.com/products/images/groceries/Mulberry/1.png'),(58,'https://cdn.dummyjson.com/products/images/groceries/Nescafe%20Coffee/1.png'),(59,'https://cdn.dummyjson.com/products/images/groceries/Potatoes/1.png'),(60,'https://cdn.dummyjson.com/products/images/groceries/Protein%20Powder/1.png'),(61,'https://cdn.dummyjson.com/products/images/groceries/Red%20Onions/1.png'),(62,'https://cdn.dummyjson.com/products/images/groceries/Rice/1.png'),(63,'https://cdn.dummyjson.com/products/images/groceries/Soft%20Drinks/1.png'),(64,'https://cdn.dummyjson.com/products/images/groceries/Strawberry/1.png'),(65,'https://cdn.dummyjson.com/products/images/groceries/Tissue%20Paper%20Box/1.png'),(66,'https://cdn.dummyjson.com/products/images/groceries/Tissue%20Paper%20Box/2.png'),(67,'https://cdn.dummyjson.com/products/images/groceries/Water/1.png'),(68,'https://cdn.dummyjson.com/products/images/home-decoration/Decoration%20Swing/1.png'),(69,'https://cdn.dummyjson.com/products/images/home-decoration/Decoration%20Swing/2.png'),(70,'https://cdn.dummyjson.com/products/images/home-decoration/Decoration%20Swing/3.png'),(71,'https://cdn.dummyjson.com/products/images/home-decoration/Family%20Tree%20Photo%20Frame/1.png'),(72,'https://cdn.dummyjson.com/products/images/home-decoration/House%20Showpiece%20Plant/1.png'),(73,'https://cdn.dummyjson.com/products/images/home-decoration/House%20Showpiece%20Plant/2.png'),(74,'https://cdn.dummyjson.com/products/images/home-decoration/House%20Showpiece%20Plant/3.png'),(75,'https://cdn.dummyjson.com/products/images/home-decoration/Plant%20Pot/1.png'),(76,'https://cdn.dummyjson.com/products/images/home-decoration/Plant%20Pot/2.png'),(77,'https://cdn.dummyjson.com/products/images/home-decoration/Plant%20Pot/3.png'),(78,'https://cdn.dummyjson.com/products/images/home-decoration/Plant%20Pot/4.png'),(79,'https://cdn.dummyjson.com/products/images/home-decoration/Table%20Lamp/1.png'),(80,'https://cdn.dummyjson.com/products/images/kitchen-accessories/Bamboo%20Spatula/1.png'),(81,'https://cdn.dummyjson.com/products/images/kitchen-accessories/Black%20Aluminium%20Cup/1.png'),(82,'https://cdn.dummyjson.com/products/images/kitchen-accessories/Black%20Aluminium%20Cup/2.png'),(83,'https://cdn.dummyjson.com/products/images/kitchen-accessories/Black%20Whisk/1.png'),(84,'https://cdn.dummyjson.com/products/images/kitchen-accessories/Boxed%20Blender/1.png'),(85,'https://cdn.dummyjson.com/products/images/kitchen-accessories/Boxed%20Blender/2.png'),(86,'https://cdn.dummyjson.com/products/images/kitchen-accessories/Boxed%20Blender/3.png'),(87,'https://cdn.dummyjson.com/products/images/kitchen-accessories/Boxed%20Blender/4.png'),(88,'https://cdn.dummyjson.com/products/images/kitchen-accessories/Carbon%20Steel%20Wok/1.png'),(89,'https://cdn.dummyjson.com/products/images/kitchen-accessories/Chopping%20Board/1.png'),(90,'https://cdn.dummyjson.com/products/images/kitchen-accessories/Citrus%20Squeezer%20Yellow/1.png'),(91,'https://cdn.dummyjson.com/products/images/kitchen-accessories/Egg%20Slicer/1.png'),(92,'https://cdn.dummyjson.com/products/images/kitchen-accessories/Electric%20Stove/1.png'),(93,'https://cdn.dummyjson.com/products/images/kitchen-accessories/Electric%20Stove/2.png'),(94,'https://cdn.dummyjson.com/products/images/kitchen-accessories/Electric%20Stove/3.png'),(95,'https://cdn.dummyjson.com/products/images/kitchen-accessories/Electric%20Stove/4.png'),(96,'https://cdn.dummyjson.com/products/images/kitchen-accessories/Fine%20Mesh%20Strainer/1.png'),(97,'https://cdn.dummyjson.com/products/images/kitchen-accessories/Fork/1.png'),(98,'https://cdn.dummyjson.com/products/images/kitchen-accessories/Glass/1.png'),(99,'https://cdn.dummyjson.com/products/images/kitchen-accessories/Grater%20Black/1.png'),(100,'https://cdn.dummyjson.com/products/images/kitchen-accessories/Hand%20Blender/1.png'),(101,'https://cdn.dummyjson.com/products/images/kitchen-accessories/Ice%20Cube%20Tray/1.png'),(102,'https://cdn.dummyjson.com/products/images/kitchen-accessories/Kitchen%20Sieve/1.png'),(103,'https://cdn.dummyjson.com/products/images/kitchen-accessories/Knife/1.png'),(104,'https://cdn.dummyjson.com/products/images/kitchen-accessories/Lunch%20Box/1.png'),(105,'https://cdn.dummyjson.com/products/images/kitchen-accessories/Microwave%20Oven/1.png'),(106,'https://cdn.dummyjson.com/products/images/kitchen-accessories/Microwave%20Oven/2.png'),(107,'https://cdn.dummyjson.com/products/images/kitchen-accessories/Microwave%20Oven/3.png'),(108,'https://cdn.dummyjson.com/products/images/kitchen-accessories/Microwave%20Oven/4.png'),(109,'https://cdn.dummyjson.com/products/images/kitchen-accessories/Mug%20Tree%20Stand/1.png'),(110,'https://cdn.dummyjson.com/products/images/kitchen-accessories/Mug%20Tree%20Stand/2.png'),(111,'https://cdn.dummyjson.com/products/images/kitchen-accessories/Pan/1.png'),(112,'https://cdn.dummyjson.com/products/images/kitchen-accessories/Plate/1.png'),(113,'https://cdn.dummyjson.com/products/images/kitchen-accessories/Red%20Tongs/1.png'),(114,'https://cdn.dummyjson.com/products/images/kitchen-accessories/Silver%20Pot%20With%20Glass%20Cap/1.png'),(115,'https://cdn.dummyjson.com/products/images/kitchen-accessories/Slotted%20Turner/1.png'),(116,'https://cdn.dummyjson.com/products/images/kitchen-accessories/Spice%20Rack/1.png'),(117,'https://cdn.dummyjson.com/products/images/kitchen-accessories/Spoon/1.png'),(118,'https://cdn.dummyjson.com/products/images/kitchen-accessories/Tray/1.png'),(119,'https://cdn.dummyjson.com/products/images/kitchen-accessories/Wooden%20Rolling%20Pin/1.png'),(120,'https://cdn.dummyjson.com/products/images/kitchen-accessories/Yellow%20Peeler/1.png'),(121,'https://cdn.dummyjson.com/products/images/laptops/Apple%20MacBook%20Pro%2014%20Inch%20Space%20Grey/1.png'),(122,'https://cdn.dummyjson.com/products/images/laptops/Apple%20MacBook%20Pro%2014%20Inch%20Space%20Grey/2.png'),(123,'https://cdn.dummyjson.com/products/images/laptops/Apple%20MacBook%20Pro%2014%20Inch%20Space%20Grey/3.png'),(124,'https://cdn.dummyjson.com/products/images/laptops/Asus%20Zenbook%20Pro%20Dual%20Screen%20Laptop/1.png'),(125,'https://cdn.dummyjson.com/products/images/laptops/Asus%20Zenbook%20Pro%20Dual%20Screen%20Laptop/2.png'),(126,'https://cdn.dummyjson.com/products/images/laptops/Asus%20Zenbook%20Pro%20Dual%20Screen%20Laptop/3.png'),(127,'https://cdn.dummyjson.com/products/images/laptops/Huawei%20Matebook%20X%20Pro/1.png'),(128,'https://cdn.dummyjson.com/products/images/laptops/Huawei%20Matebook%20X%20Pro/2.png'),(129,'https://cdn.dummyjson.com/products/images/laptops/Huawei%20Matebook%20X%20Pro/3.png'),(130,'https://cdn.dummyjson.com/products/images/laptops/Lenovo%20Yoga%20920/1.png'),(131,'https://cdn.dummyjson.com/products/images/laptops/Lenovo%20Yoga%20920/2.png'),(132,'https://cdn.dummyjson.com/products/images/laptops/Lenovo%20Yoga%20920/3.png'),(133,'https://cdn.dummyjson.com/products/images/laptops/New%20DELL%20XPS%2013%209300%20Laptop/1.png'),(134,'https://cdn.dummyjson.com/products/images/laptops/New%20DELL%20XPS%2013%209300%20Laptop/2.png'),(135,'https://cdn.dummyjson.com/products/images/laptops/New%20DELL%20XPS%2013%209300%20Laptop/3.png'),(136,'https://cdn.dummyjson.com/products/images/mens-shirts/Blue%20&%20Black%20Check%20Shirt/1.png'),(137,'https://cdn.dummyjson.com/products/images/mens-shirts/Blue%20&%20Black%20Check%20Shirt/2.png'),(138,'https://cdn.dummyjson.com/products/images/mens-shirts/Blue%20&%20Black%20Check%20Shirt/3.png'),(139,'https://cdn.dummyjson.com/products/images/mens-shirts/Blue%20&%20Black%20Check%20Shirt/4.png'),(140,'https://cdn.dummyjson.com/products/images/mens-shirts/Gigabyte%20Aorus%20Men%20Tshirt/1.png'),(141,'https://cdn.dummyjson.com/products/images/mens-shirts/Gigabyte%20Aorus%20Men%20Tshirt/2.png'),(142,'https://cdn.dummyjson.com/products/images/mens-shirts/Gigabyte%20Aorus%20Men%20Tshirt/3.png'),(143,'https://cdn.dummyjson.com/products/images/mens-shirts/Gigabyte%20Aorus%20Men%20Tshirt/4.png'),(144,'https://cdn.dummyjson.com/products/images/mens-shirts/Man%20Plaid%20Shirt/1.png'),(145,'https://cdn.dummyjson.com/products/images/mens-shirts/Man%20Plaid%20Shirt/2.png'),(146,'https://cdn.dummyjson.com/products/images/mens-shirts/Man%20Plaid%20Shirt/3.png'),(147,'https://cdn.dummyjson.com/products/images/mens-shirts/Man%20Plaid%20Shirt/4.png'),(148,'https://cdn.dummyjson.com/products/images/mens-shirts/Man%20Short%20Sleeve%20Shirt/1.png'),(149,'https://cdn.dummyjson.com/products/images/mens-shirts/Man%20Short%20Sleeve%20Shirt/2.png'),(150,'https://cdn.dummyjson.com/products/images/mens-shirts/Man%20Short%20Sleeve%20Shirt/3.png'),(151,'https://cdn.dummyjson.com/products/images/mens-shirts/Man%20Short%20Sleeve%20Shirt/4.png'),(152,'https://cdn.dummyjson.com/products/images/mens-shirts/Men%20Check%20Shirt/1.png'),(153,'https://cdn.dummyjson.com/products/images/mens-shirts/Men%20Check%20Shirt/2.png'),(154,'https://cdn.dummyjson.com/products/images/mens-shirts/Men%20Check%20Shirt/3.png'),(155,'https://cdn.dummyjson.com/products/images/mens-shirts/Men%20Check%20Shirt/4.png'),(156,'https://cdn.dummyjson.com/products/images/mens-shoes/Nike%20Air%20Jordan%201%20Red%20And%20Black/1.png'),(157,'https://cdn.dummyjson.com/products/images/mens-shoes/Nike%20Air%20Jordan%201%20Red%20And%20Black/2.png'),(158,'https://cdn.dummyjson.com/products/images/mens-shoes/Nike%20Air%20Jordan%201%20Red%20And%20Black/3.png'),(159,'https://cdn.dummyjson.com/products/images/mens-shoes/Nike%20Air%20Jordan%201%20Red%20And%20Black/4.png'),(160,'https://cdn.dummyjson.com/products/images/mens-shoes/Nike%20Baseball%20Cleats/1.png'),(161,'https://cdn.dummyjson.com/products/images/mens-shoes/Nike%20Baseball%20Cleats/2.png'),(162,'https://cdn.dummyjson.com/products/images/mens-shoes/Nike%20Baseball%20Cleats/3.png'),(163,'https://cdn.dummyjson.com/products/images/mens-shoes/Nike%20Baseball%20Cleats/4.png'),(164,'https://cdn.dummyjson.com/products/images/mens-shoes/Puma%20Future%20Rider%20Trainers/1.png'),(165,'https://cdn.dummyjson.com/products/images/mens-shoes/Puma%20Future%20Rider%20Trainers/2.png'),(166,'https://cdn.dummyjson.com/products/images/mens-shoes/Puma%20Future%20Rider%20Trainers/3.png'),(167,'https://cdn.dummyjson.com/products/images/mens-shoes/Puma%20Future%20Rider%20Trainers/4.png'),(168,'https://cdn.dummyjson.com/products/images/mens-shoes/Sports%20Sneakers%20Off%20White%20&%20Red/1.png'),(169,'https://cdn.dummyjson.com/products/images/mens-shoes/Sports%20Sneakers%20Off%20White%20&%20Red/2.png'),(170,'https://cdn.dummyjson.com/products/images/mens-shoes/Sports%20Sneakers%20Off%20White%20&%20Red/3.png'),(171,'https://cdn.dummyjson.com/products/images/mens-shoes/Sports%20Sneakers%20Off%20White%20&%20Red/4.png'),(172,'https://cdn.dummyjson.com/products/images/mens-shoes/Sports%20Sneakers%20Off%20White%20Red/1.png'),(173,'https://cdn.dummyjson.com/products/images/mens-shoes/Sports%20Sneakers%20Off%20White%20Red/2.png'),(174,'https://cdn.dummyjson.com/products/images/mens-shoes/Sports%20Sneakers%20Off%20White%20Red/3.png'),(175,'https://cdn.dummyjson.com/products/images/mens-shoes/Sports%20Sneakers%20Off%20White%20Red/4.png'),(176,'https://cdn.dummyjson.com/products/images/mens-watches/Brown%20Leather%20Belt%20Watch/1.png'),(177,'https://cdn.dummyjson.com/products/images/mens-watches/Brown%20Leather%20Belt%20Watch/2.png'),(178,'https://cdn.dummyjson.com/products/images/mens-watches/Brown%20Leather%20Belt%20Watch/3.png'),(179,'https://cdn.dummyjson.com/products/images/mens-watches/Longines%20Master%20Collection/1.png'),(180,'https://cdn.dummyjson.com/products/images/mens-watches/Longines%20Master%20Collection/2.png'),(181,'https://cdn.dummyjson.com/products/images/mens-watches/Longines%20Master%20Collection/3.png'),(182,'https://cdn.dummyjson.com/products/images/mens-watches/Rolex%20Cellini%20Date%20Black%20Dial/1.png'),(183,'https://cdn.dummyjson.com/products/images/mens-watches/Rolex%20Cellini%20Date%20Black%20Dial/2.png'),(184,'https://cdn.dummyjson.com/products/images/mens-watches/Rolex%20Cellini%20Date%20Black%20Dial/3.png'),(185,'https://cdn.dummyjson.com/products/images/mens-watches/Rolex%20Cellini%20Moonphase/1.png'),(186,'https://cdn.dummyjson.com/products/images/mens-watches/Rolex%20Cellini%20Moonphase/2.png'),(187,'https://cdn.dummyjson.com/products/images/mens-watches/Rolex%20Cellini%20Moonphase/3.png'),(188,'https://cdn.dummyjson.com/products/images/mens-watches/Rolex%20Datejust/1.png'),(189,'https://cdn.dummyjson.com/products/images/mens-watches/Rolex%20Datejust/2.png'),(190,'https://cdn.dummyjson.com/products/images/mens-watches/Rolex%20Datejust/3.png'),(191,'https://cdn.dummyjson.com/products/images/mens-watches/Rolex%20Submariner%20Watch/1.png'),(192,'https://cdn.dummyjson.com/products/images/mens-watches/Rolex%20Submariner%20Watch/2.png'),(193,'https://cdn.dummyjson.com/products/images/mens-watches/Rolex%20Submariner%20Watch/3.png'),(194,'https://cdn.dummyjson.com/products/images/mobile-accessories/Amazon%20Echo%20Plus/1.png'),(195,'https://cdn.dummyjson.com/products/images/mobile-accessories/Amazon%20Echo%20Plus/2.png'),(196,'https://cdn.dummyjson.com/products/images/mobile-accessories/Apple%20Airpods/1.png'),(197,'https://cdn.dummyjson.com/products/images/mobile-accessories/Apple%20Airpods/2.png'),(198,'https://cdn.dummyjson.com/products/images/mobile-accessories/Apple%20Airpods/3.png'),(199,'https://cdn.dummyjson.com/products/images/mobile-accessories/Apple%20AirPods%20Max%20Silver/1.png'),(200,'https://cdn.dummyjson.com/products/images/mobile-accessories/Apple%20Airpower%20Wireless%20Charger/1.png'),(201,'https://cdn.dummyjson.com/products/images/mobile-accessories/Apple%20HomePod%20Mini%20Cosmic%20Grey/1.png'),(202,'https://cdn.dummyjson.com/products/images/mobile-accessories/Apple%20iPhone%20Charger/1.png'),(203,'https://cdn.dummyjson.com/products/images/mobile-accessories/Apple%20iPhone%20Charger/2.png'),(204,'https://cdn.dummyjson.com/products/images/mobile-accessories/Apple%20MagSafe%20Battery%20Pack/1.png'),(205,'https://cdn.dummyjson.com/products/images/mobile-accessories/Apple%20MagSafe%20Battery%20Pack/2.png'),(206,'https://cdn.dummyjson.com/products/images/mobile-accessories/Apple%20Watch%20Series%204%20Gold/1.png'),(207,'https://cdn.dummyjson.com/products/images/mobile-accessories/Apple%20Watch%20Series%204%20Gold/2.png'),(208,'https://cdn.dummyjson.com/products/images/mobile-accessories/Apple%20Watch%20Series%204%20Gold/3.png'),(209,'https://cdn.dummyjson.com/products/images/mobile-accessories/Beats%20Flex%20Wireless%20Earphones/1.png'),(210,'https://cdn.dummyjson.com/products/images/mobile-accessories/iPhone%2012%20Silicone%20Case%20with%20MagSafe%20Plum/1.png'),(211,'https://cdn.dummyjson.com/products/images/mobile-accessories/iPhone%2012%20Silicone%20Case%20with%20MagSafe%20Plum/2.png'),(212,'https://cdn.dummyjson.com/products/images/mobile-accessories/iPhone%2012%20Silicone%20Case%20with%20MagSafe%20Plum/3.png'),(213,'https://cdn.dummyjson.com/products/images/mobile-accessories/iPhone%2012%20Silicone%20Case%20with%20MagSafe%20Plum/4.png'),(214,'https://cdn.dummyjson.com/products/images/mobile-accessories/Monopod/1.png'),(215,'https://cdn.dummyjson.com/products/images/mobile-accessories/Monopod/2.png'),(216,'https://cdn.dummyjson.com/products/images/mobile-accessories/Selfie%20Lamp%20with%20iPhone/1.png'),(217,'https://cdn.dummyjson.com/products/images/mobile-accessories/Selfie%20Stick%20Monopod/1.png'),(218,'https://cdn.dummyjson.com/products/images/mobile-accessories/TV%20Studio%20Camera%20Pedestal/1.png'),(219,'https://cdn.dummyjson.com/products/images/motorcycle/Generic%20Motorcycle/1.png'),(220,'https://cdn.dummyjson.com/products/images/motorcycle/Generic%20Motorcycle/2.png'),(221,'https://cdn.dummyjson.com/products/images/motorcycle/Generic%20Motorcycle/3.png'),(222,'https://cdn.dummyjson.com/products/images/motorcycle/Generic%20Motorcycle/4.png'),(223,'https://cdn.dummyjson.com/products/images/motorcycle/Kawasaki%20Z800/1.png'),(224,'https://cdn.dummyjson.com/products/images/motorcycle/Kawasaki%20Z800/2.png'),(225,'https://cdn.dummyjson.com/products/images/motorcycle/Kawasaki%20Z800/3.png'),(226,'https://cdn.dummyjson.com/products/images/motorcycle/Kawasaki%20Z800/4.png'),(227,'https://cdn.dummyjson.com/products/images/motorcycle/MotoGP%20CI.H1/1.png'),(228,'https://cdn.dummyjson.com/products/images/motorcycle/MotoGP%20CI.H1/2.png'),(229,'https://cdn.dummyjson.com/products/images/motorcycle/MotoGP%20CI.H1/3.png'),(230,'https://cdn.dummyjson.com/products/images/motorcycle/MotoGP%20CI.H1/4.png'),(231,'https://cdn.dummyjson.com/products/images/motorcycle/Scooter%20Motorcycle/1.png'),(232,'https://cdn.dummyjson.com/products/images/motorcycle/Scooter%20Motorcycle/2.png'),(233,'https://cdn.dummyjson.com/products/images/motorcycle/Scooter%20Motorcycle/3.png'),(234,'https://cdn.dummyjson.com/products/images/motorcycle/Scooter%20Motorcycle/4.png'),(235,'https://cdn.dummyjson.com/products/images/motorcycle/Sportbike%20Motorcycle/1.png'),(236,'https://cdn.dummyjson.com/products/images/motorcycle/Sportbike%20Motorcycle/2.png'),(237,'https://cdn.dummyjson.com/products/images/motorcycle/Sportbike%20Motorcycle/3.png'),(238,'https://cdn.dummyjson.com/products/images/motorcycle/Sportbike%20Motorcycle/4.png'),(239,'https://cdn.dummyjson.com/products/images/skin-care/Attitude%20Super%20Leaves%20Hand%20Soap/1.png'),(240,'https://cdn.dummyjson.com/products/images/skin-care/Attitude%20Super%20Leaves%20Hand%20Soap/2.png'),(241,'https://cdn.dummyjson.com/products/images/skin-care/Attitude%20Super%20Leaves%20Hand%20Soap/3.png'),(242,'https://cdn.dummyjson.com/products/images/skin-care/Olay%20Ultra%20Moisture%20Shea%20Butter%20Body%20Wash/1.png'),(243,'https://cdn.dummyjson.com/products/images/skin-care/Olay%20Ultra%20Moisture%20Shea%20Butter%20Body%20Wash/2.png'),(244,'https://cdn.dummyjson.com/products/images/skin-care/Olay%20Ultra%20Moisture%20Shea%20Butter%20Body%20Wash/3.png'),(245,'https://cdn.dummyjson.com/products/images/skin-care/Vaseline%20Men%20Body%20and%20Face%20Lotion/1.png'),(246,'https://cdn.dummyjson.com/products/images/skin-care/Vaseline%20Men%20Body%20and%20Face%20Lotion/2.png'),(247,'https://cdn.dummyjson.com/products/images/skin-care/Vaseline%20Men%20Body%20and%20Face%20Lotion/3.png'),(248,'https://cdn.dummyjson.com/products/images/smartphones/iPhone%205s/1.png'),(249,'https://cdn.dummyjson.com/products/images/smartphones/iPhone%205s/2.png'),(250,'https://cdn.dummyjson.com/products/images/smartphones/iPhone%205s/3.png'),(251,'https://cdn.dummyjson.com/products/images/smartphones/iPhone%206/1.png'),(252,'https://cdn.dummyjson.com/products/images/smartphones/iPhone%206/2.png'),(253,'https://cdn.dummyjson.com/products/images/smartphones/iPhone%206/3.png'),(254,'https://cdn.dummyjson.com/products/images/smartphones/iPhone%2013%20Pro/1.png'),(255,'https://cdn.dummyjson.com/products/images/smartphones/iPhone%2013%20Pro/2.png'),(256,'https://cdn.dummyjson.com/products/images/smartphones/iPhone%2013%20Pro/3.png'),(257,'https://cdn.dummyjson.com/products/images/smartphones/iPhone%20X/1.png'),(258,'https://cdn.dummyjson.com/products/images/smartphones/iPhone%20X/2.png'),(259,'https://cdn.dummyjson.com/products/images/smartphones/iPhone%20X/3.png'),(260,'https://cdn.dummyjson.com/products/images/smartphones/Oppo%20A57/1.png'),(261,'https://cdn.dummyjson.com/products/images/smartphones/Oppo%20A57/2.png'),(262,'https://cdn.dummyjson.com/products/images/smartphones/Oppo%20A57/3.png'),(263,'https://cdn.dummyjson.com/products/images/smartphones/Oppo%20F19%20Pro%20Plus/1.png'),(264,'https://cdn.dummyjson.com/products/images/smartphones/Oppo%20F19%20Pro%20Plus/2.png'),(265,'https://cdn.dummyjson.com/products/images/smartphones/Oppo%20F19%20Pro%20Plus/3.png'),(266,'https://cdn.dummyjson.com/products/images/smartphones/Oppo%20K1/1.png'),(267,'https://cdn.dummyjson.com/products/images/smartphones/Oppo%20K1/2.png'),(268,'https://cdn.dummyjson.com/products/images/smartphones/Oppo%20K1/3.png'),(269,'https://cdn.dummyjson.com/products/images/smartphones/Oppo%20K1/4.png'),(270,'https://cdn.dummyjson.com/products/images/smartphones/Realme%20C35/1.png'),(271,'https://cdn.dummyjson.com/products/images/smartphones/Realme%20C35/2.png'),(272,'https://cdn.dummyjson.com/products/images/smartphones/Realme%20C35/3.png'),(273,'https://cdn.dummyjson.com/products/images/smartphones/Realme%20X/1.png'),(274,'https://cdn.dummyjson.com/products/images/smartphones/Realme%20X/2.png'),(275,'https://cdn.dummyjson.com/products/images/smartphones/Realme%20X/3.png'),(276,'https://cdn.dummyjson.com/products/images/smartphones/Realme%20XT/1.png'),(277,'https://cdn.dummyjson.com/products/images/smartphones/Realme%20XT/2.png'),(278,'https://cdn.dummyjson.com/products/images/smartphones/Realme%20XT/3.png'),(279,'https://cdn.dummyjson.com/products/images/smartphones/Samsung%20Galaxy%20S7/1.png'),(280,'https://cdn.dummyjson.com/products/images/smartphones/Samsung%20Galaxy%20S7/2.png'),(281,'https://cdn.dummyjson.com/products/images/smartphones/Samsung%20Galaxy%20S7/3.png'),(282,'https://cdn.dummyjson.com/products/images/smartphones/Samsung%20Galaxy%20S8/1.png'),(283,'https://cdn.dummyjson.com/products/images/smartphones/Samsung%20Galaxy%20S8/2.png'),(284,'https://cdn.dummyjson.com/products/images/smartphones/Samsung%20Galaxy%20S8/3.png'),(285,'https://cdn.dummyjson.com/products/images/smartphones/Samsung%20Galaxy%20S10/1.png'),(286,'https://cdn.dummyjson.com/products/images/smartphones/Samsung%20Galaxy%20S10/2.png'),(287,'https://cdn.dummyjson.com/products/images/smartphones/Samsung%20Galaxy%20S10/3.png'),(288,'https://cdn.dummyjson.com/products/images/smartphones/Vivo%20S1/1.png'),(289,'https://cdn.dummyjson.com/products/images/smartphones/Vivo%20S1/2.png'),(290,'https://cdn.dummyjson.com/products/images/smartphones/Vivo%20S1/3.png'),(291,'https://cdn.dummyjson.com/products/images/smartphones/Vivo%20V9/1.png'),(292,'https://cdn.dummyjson.com/products/images/smartphones/Vivo%20V9/2.png'),(293,'https://cdn.dummyjson.com/products/images/smartphones/Vivo%20V9/3.png'),(294,'https://cdn.dummyjson.com/products/images/smartphones/Vivo%20X21/1.png'),(295,'https://cdn.dummyjson.com/products/images/smartphones/Vivo%20X21/2.png'),(296,'https://cdn.dummyjson.com/products/images/smartphones/Vivo%20X21/3.png'),(297,'https://cdn.dummyjson.com/products/images/sports-accessories/American%20Football/1.png'),(298,'https://cdn.dummyjson.com/products/images/sports-accessories/Baseball%20Ball/1.png'),(299,'https://cdn.dummyjson.com/products/images/sports-accessories/Baseball%20Glove/1.png'),(300,'https://cdn.dummyjson.com/products/images/sports-accessories/Baseball%20Glove/2.png'),(301,'https://cdn.dummyjson.com/products/images/sports-accessories/Baseball%20Glove/3.png'),(302,'https://cdn.dummyjson.com/products/images/sports-accessories/Basketball/1.png'),(303,'https://cdn.dummyjson.com/products/images/sports-accessories/Basketball%20Rim/1.png'),(304,'https://cdn.dummyjson.com/products/images/sports-accessories/Cricket%20Ball/1.png'),(305,'https://cdn.dummyjson.com/products/images/sports-accessories/Cricket%20Bat/1.png'),(306,'https://cdn.dummyjson.com/products/images/sports-accessories/Cricket%20Helmet/1.png'),(307,'https://cdn.dummyjson.com/products/images/sports-accessories/Cricket%20Helmet/2.png'),(308,'https://cdn.dummyjson.com/products/images/sports-accessories/Cricket%20Helmet/3.png'),(309,'https://cdn.dummyjson.com/products/images/sports-accessories/Cricket%20Helmet/4.png'),(310,'https://cdn.dummyjson.com/products/images/sports-accessories/Cricket%20Wicket/1.png'),(311,'https://cdn.dummyjson.com/products/images/sports-accessories/Feather%20Shuttlecock/1.png'),(312,'https://cdn.dummyjson.com/products/images/sports-accessories/Football/1.png'),(313,'https://cdn.dummyjson.com/products/images/sports-accessories/Golf%20Ball/1.png'),(314,'https://cdn.dummyjson.com/products/images/sports-accessories/Iron%20Golf/1.png'),(315,'https://cdn.dummyjson.com/products/images/sports-accessories/Metal%20Baseball%20Bat/1.png'),(316,'https://cdn.dummyjson.com/products/images/sports-accessories/Tennis%20Ball/1.png'),(317,'https://cdn.dummyjson.com/products/images/sports-accessories/Tennis%20Racket/1.png'),(318,'https://cdn.dummyjson.com/products/images/sports-accessories/Volleyball/1.png'),(319,'https://cdn.dummyjson.com/products/images/sunglasses/Black%20Sun%20Glasses/1.png'),(320,'https://cdn.dummyjson.com/products/images/sunglasses/Black%20Sun%20Glasses/2.png'),(321,'https://cdn.dummyjson.com/products/images/sunglasses/Black%20Sun%20Glasses/3.png'),(322,'https://cdn.dummyjson.com/products/images/sunglasses/Classic%20Sun%20Glasses/1.png'),(323,'https://cdn.dummyjson.com/products/images/sunglasses/Classic%20Sun%20Glasses/2.png'),(324,'https://cdn.dummyjson.com/products/images/sunglasses/Classic%20Sun%20Glasses/3.png'),(325,'https://cdn.dummyjson.com/products/images/sunglasses/Green%20and%20Black%20Glasses/1.png'),(326,'https://cdn.dummyjson.com/products/images/sunglasses/Green%20and%20Black%20Glasses/2.png'),(327,'https://cdn.dummyjson.com/products/images/sunglasses/Green%20and%20Black%20Glasses/3.png'),(328,'https://cdn.dummyjson.com/products/images/sunglasses/Party%20Glasses/1.png'),(329,'https://cdn.dummyjson.com/products/images/sunglasses/Party%20Glasses/2.png'),(330,'https://cdn.dummyjson.com/products/images/sunglasses/Party%20Glasses/3.png'),(331,'https://cdn.dummyjson.com/products/images/sunglasses/Sunglasses/1.png'),(332,'https://cdn.dummyjson.com/products/images/sunglasses/Sunglasses/2.png'),(333,'https://cdn.dummyjson.com/products/images/sunglasses/Sunglasses/3.png'),(334,'https://cdn.dummyjson.com/products/images/tablets/iPad%20Mini%202021%20Starlight/1.png'),(335,'https://cdn.dummyjson.com/products/images/tablets/iPad%20Mini%202021%20Starlight/2.png'),(336,'https://cdn.dummyjson.com/products/images/tablets/iPad%20Mini%202021%20Starlight/3.png'),(337,'https://cdn.dummyjson.com/products/images/tablets/iPad%20Mini%202021%20Starlight/4.png'),(338,'https://cdn.dummyjson.com/products/images/tablets/Samsung%20Galaxy%20Tab%20S8%20Plus%20Grey/1.png'),(339,'https://cdn.dummyjson.com/products/images/tablets/Samsung%20Galaxy%20Tab%20S8%20Plus%20Grey/2.png'),(340,'https://cdn.dummyjson.com/products/images/tablets/Samsung%20Galaxy%20Tab%20S8%20Plus%20Grey/3.png'),(341,'https://cdn.dummyjson.com/products/images/tablets/Samsung%20Galaxy%20Tab%20S8%20Plus%20Grey/4.png'),(342,'https://cdn.dummyjson.com/products/images/tablets/Samsung%20Galaxy%20Tab%20White/1.png'),(343,'https://cdn.dummyjson.com/products/images/tablets/Samsung%20Galaxy%20Tab%20White/2.png'),(344,'https://cdn.dummyjson.com/products/images/tablets/Samsung%20Galaxy%20Tab%20White/3.png'),(345,'https://cdn.dummyjson.com/products/images/tablets/Samsung%20Galaxy%20Tab%20White/4.png'),(346,'https://cdn.dummyjson.com/products/images/tops/Blue%20Frock/1.png'),(347,'https://cdn.dummyjson.com/products/images/tops/Blue%20Frock/2.png'),(348,'https://cdn.dummyjson.com/products/images/tops/Blue%20Frock/3.png'),(349,'https://cdn.dummyjson.com/products/images/tops/Blue%20Frock/4.png'),(350,'https://cdn.dummyjson.com/products/images/tops/Girl%20Summer%20Dress/1.png'),(351,'https://cdn.dummyjson.com/products/images/tops/Girl%20Summer%20Dress/2.png'),(352,'https://cdn.dummyjson.com/products/images/tops/Girl%20Summer%20Dress/3.png'),(353,'https://cdn.dummyjson.com/products/images/tops/Girl%20Summer%20Dress/4.png'),(354,'https://cdn.dummyjson.com/products/images/tops/Gray%20Dress/1.png'),(355,'https://cdn.dummyjson.com/products/images/tops/Gray%20Dress/2.png'),(356,'https://cdn.dummyjson.com/products/images/tops/Gray%20Dress/3.png'),(357,'https://cdn.dummyjson.com/products/images/tops/Gray%20Dress/4.png'),(358,'https://cdn.dummyjson.com/products/images/tops/Short%20Frock/1.png'),(359,'https://cdn.dummyjson.com/products/images/tops/Short%20Frock/2.png'),(360,'https://cdn.dummyjson.com/products/images/tops/Short%20Frock/3.png'),(361,'https://cdn.dummyjson.com/products/images/tops/Short%20Frock/4.png'),(362,'https://cdn.dummyjson.com/products/images/tops/Tartan%20Dress/1.png'),(363,'https://cdn.dummyjson.com/products/images/tops/Tartan%20Dress/2.png'),(364,'https://cdn.dummyjson.com/products/images/tops/Tartan%20Dress/3.png'),(365,'https://cdn.dummyjson.com/products/images/tops/Tartan%20Dress/4.png'),(366,'https://cdn.dummyjson.com/products/images/vehicle/300%20Touring/1.png'),(367,'https://cdn.dummyjson.com/products/images/vehicle/300%20Touring/2.png'),(368,'https://cdn.dummyjson.com/products/images/vehicle/300%20Touring/3.png'),(369,'https://cdn.dummyjson.com/products/images/vehicle/300%20Touring/4.png'),(370,'https://cdn.dummyjson.com/products/images/vehicle/300%20Touring/5.png'),(371,'https://cdn.dummyjson.com/products/images/vehicle/300%20Touring/6.png'),(372,'https://cdn.dummyjson.com/products/images/vehicle/Charger%20SXT%20RWD/1.png'),(373,'https://cdn.dummyjson.com/products/images/vehicle/Charger%20SXT%20RWD/2.png'),(374,'https://cdn.dummyjson.com/products/images/vehicle/Charger%20SXT%20RWD/3.png'),(375,'https://cdn.dummyjson.com/products/images/vehicle/Charger%20SXT%20RWD/4.png'),(376,'https://cdn.dummyjson.com/products/images/vehicle/Charger%20SXT%20RWD/5.png'),(377,'https://cdn.dummyjson.com/products/images/vehicle/Charger%20SXT%20RWD/6.png'),(378,'https://cdn.dummyjson.com/products/images/vehicle/Dodge%20Hornet%20GT%20Plus/1.png'),(379,'https://cdn.dummyjson.com/products/images/vehicle/Dodge%20Hornet%20GT%20Plus/2.png'),(380,'https://cdn.dummyjson.com/products/images/vehicle/Dodge%20Hornet%20GT%20Plus/3.png'),(381,'https://cdn.dummyjson.com/products/images/vehicle/Dodge%20Hornet%20GT%20Plus/4.png'),(382,'https://cdn.dummyjson.com/products/images/vehicle/Dodge%20Hornet%20GT%20Plus/5.png'),(383,'https://cdn.dummyjson.com/products/images/vehicle/Dodge%20Hornet%20GT%20Plus/6.png'),(384,'https://cdn.dummyjson.com/products/images/vehicle/Durango%20SXT%20RWD/1.png'),(385,'https://cdn.dummyjson.com/products/images/vehicle/Durango%20SXT%20RWD/2.png'),(386,'https://cdn.dummyjson.com/products/images/vehicle/Durango%20SXT%20RWD/3.png'),(387,'https://cdn.dummyjson.com/products/images/vehicle/Durango%20SXT%20RWD/4.png'),(388,'https://cdn.dummyjson.com/products/images/vehicle/Durango%20SXT%20RWD/5.png'),(389,'https://cdn.dummyjson.com/products/images/vehicle/Durango%20SXT%20RWD/6.png'),(390,'https://cdn.dummyjson.com/products/images/vehicle/Pacifica%20Touring/1.png'),(391,'https://cdn.dummyjson.com/products/images/vehicle/Pacifica%20Touring/2.png'),(392,'https://cdn.dummyjson.com/products/images/vehicle/Pacifica%20Touring/3.png'),(393,'https://cdn.dummyjson.com/products/images/vehicle/Pacifica%20Touring/4.png'),(394,'https://cdn.dummyjson.com/products/images/vehicle/Pacifica%20Touring/5.png'),(395,'https://cdn.dummyjson.com/products/images/vehicle/Pacifica%20Touring/6.png'),(396,'https://cdn.dummyjson.com/products/images/womens-bags/Blue%20Women\'s%20Handbag/1.png'),(397,'https://cdn.dummyjson.com/products/images/womens-bags/Blue%20Women\'s%20Handbag/2.png'),(398,'https://cdn.dummyjson.com/products/images/womens-bags/Blue%20Women\'s%20Handbag/3.png'),(399,'https://cdn.dummyjson.com/products/images/womens-bags/Heshe%20Women\'s%20Leather%20Bag/1.png'),(400,'https://cdn.dummyjson.com/products/images/womens-bags/Heshe%20Women\'s%20Leather%20Bag/2.png'),(401,'https://cdn.dummyjson.com/products/images/womens-bags/Heshe%20Women\'s%20Leather%20Bag/3.png'),(402,'https://cdn.dummyjson.com/products/images/womens-bags/Prada%20Women%20Bag/1.png'),(403,'https://cdn.dummyjson.com/products/images/womens-bags/Prada%20Women%20Bag/2.png'),(404,'https://cdn.dummyjson.com/products/images/womens-bags/Prada%20Women%20Bag/3.png'),(405,'https://cdn.dummyjson.com/products/images/womens-bags/White%20Faux%20Leather%20Backpack/1.png'),(406,'https://cdn.dummyjson.com/products/images/womens-bags/White%20Faux%20Leather%20Backpack/2.png'),(407,'https://cdn.dummyjson.com/products/images/womens-bags/White%20Faux%20Leather%20Backpack/3.png'),(408,'https://cdn.dummyjson.com/products/images/womens-bags/Women%20Handbag%20Black/1.png'),(409,'https://cdn.dummyjson.com/products/images/womens-bags/Women%20Handbag%20Black/2.png'),(410,'https://cdn.dummyjson.com/products/images/womens-bags/Women%20Handbag%20Black/3.png'),(411,'https://cdn.dummyjson.com/products/images/womens-dresses/Black%20Women\'s%20Gown/1.png'),(412,'https://cdn.dummyjson.com/products/images/womens-dresses/Black%20Women\'s%20Gown/2.png'),(413,'https://cdn.dummyjson.com/products/images/womens-dresses/Black%20Women\'s%20Gown/3.png'),(414,'https://cdn.dummyjson.com/products/images/womens-dresses/Black%20Women\'s%20Gown/4.png'),(415,'https://cdn.dummyjson.com/products/images/womens-dresses/Corset%20Leather%20With%20Skirt/1.png'),(416,'https://cdn.dummyjson.com/products/images/womens-dresses/Corset%20Leather%20With%20Skirt/2.png'),(417,'https://cdn.dummyjson.com/products/images/womens-dresses/Corset%20Leather%20With%20Skirt/3.png'),(418,'https://cdn.dummyjson.com/products/images/womens-dresses/Corset%20Leather%20With%20Skirt/4.png'),(419,'https://cdn.dummyjson.com/products/images/womens-dresses/Corset%20With%20Black%20Skirt/1.png'),(420,'https://cdn.dummyjson.com/products/images/womens-dresses/Corset%20With%20Black%20Skirt/2.png'),(421,'https://cdn.dummyjson.com/products/images/womens-dresses/Corset%20With%20Black%20Skirt/3.png'),(422,'https://cdn.dummyjson.com/products/images/womens-dresses/Corset%20With%20Black%20Skirt/4.png'),(423,'https://cdn.dummyjson.com/products/images/womens-dresses/Dress%20Pea/1.png'),(424,'https://cdn.dummyjson.com/products/images/womens-dresses/Dress%20Pea/2.png'),(425,'https://cdn.dummyjson.com/products/images/womens-dresses/Dress%20Pea/3.png'),(426,'https://cdn.dummyjson.com/products/images/womens-dresses/Dress%20Pea/4.png'),(427,'https://cdn.dummyjson.com/products/images/womens-dresses/Marni%20Red%20&%20Black%20Suit/1.png'),(428,'https://cdn.dummyjson.com/products/images/womens-dresses/Marni%20Red%20&%20Black%20Suit/2.png'),(429,'https://cdn.dummyjson.com/products/images/womens-dresses/Marni%20Red%20&%20Black%20Suit/3.png'),(430,'https://cdn.dummyjson.com/products/images/womens-dresses/Marni%20Red%20&%20Black%20Suit/4.png'),(431,'https://cdn.dummyjson.com/products/images/womens-jewellery/Green%20Crystal%20Earring/1.png'),(432,'https://cdn.dummyjson.com/products/images/womens-jewellery/Green%20Crystal%20Earring/2.png'),(433,'https://cdn.dummyjson.com/products/images/womens-jewellery/Green%20Crystal%20Earring/3.png'),(434,'https://cdn.dummyjson.com/products/images/womens-jewellery/Green%20Oval%20Earring/1.png'),(435,'https://cdn.dummyjson.com/products/images/womens-jewellery/Green%20Oval%20Earring/2.png'),(436,'https://cdn.dummyjson.com/products/images/womens-jewellery/Green%20Oval%20Earring/3.png'),(437,'https://cdn.dummyjson.com/products/images/womens-jewellery/Tropical%20Earring/1.png'),(438,'https://cdn.dummyjson.com/products/images/womens-jewellery/Tropical%20Earring/2.png'),(439,'https://cdn.dummyjson.com/products/images/womens-jewellery/Tropical%20Earring/3.png'),(440,'https://cdn.dummyjson.com/products/images/womens-shoes/Black%20&%20Brown%20Slipper/1.png'),(441,'https://cdn.dummyjson.com/products/images/womens-shoes/Black%20&%20Brown%20Slipper/2.png'),(442,'https://cdn.dummyjson.com/products/images/womens-shoes/Black%20&%20Brown%20Slipper/3.png'),(443,'https://cdn.dummyjson.com/products/images/womens-shoes/Black%20&%20Brown%20Slipper/4.png'),(444,'https://cdn.dummyjson.com/products/images/womens-shoes/Calvin%20Klein%20Heel%20Shoes/1.png'),(445,'https://cdn.dummyjson.com/products/images/womens-shoes/Calvin%20Klein%20Heel%20Shoes/2.png'),(446,'https://cdn.dummyjson.com/products/images/womens-shoes/Calvin%20Klein%20Heel%20Shoes/3.png'),(447,'https://cdn.dummyjson.com/products/images/womens-shoes/Calvin%20Klein%20Heel%20Shoes/4.png'),(448,'https://cdn.dummyjson.com/products/images/womens-shoes/Golden%20Shoes%20Woman/1.png'),(449,'https://cdn.dummyjson.com/products/images/womens-shoes/Golden%20Shoes%20Woman/2.png'),(450,'https://cdn.dummyjson.com/products/images/womens-shoes/Golden%20Shoes%20Woman/3.png'),(451,'https://cdn.dummyjson.com/products/images/womens-shoes/Golden%20Shoes%20Woman/4.png'),(452,'https://cdn.dummyjson.com/products/images/womens-shoes/Pampi%20Shoes/1.png'),(453,'https://cdn.dummyjson.com/products/images/womens-shoes/Pampi%20Shoes/2.png'),(454,'https://cdn.dummyjson.com/products/images/womens-shoes/Pampi%20Shoes/3.png'),(455,'https://cdn.dummyjson.com/products/images/womens-shoes/Pampi%20Shoes/4.png'),(456,'https://cdn.dummyjson.com/products/images/womens-shoes/Red%20Shoes/1.png'),(457,'https://cdn.dummyjson.com/products/images/womens-shoes/Red%20Shoes/2.png'),(458,'https://cdn.dummyjson.com/products/images/womens-shoes/Red%20Shoes/3.png'),(459,'https://cdn.dummyjson.com/products/images/womens-shoes/Red%20Shoes/4.png'),(460,'https://cdn.dummyjson.com/products/images/womens-watches/IWC%20Ingenieur%20Automatic%20Steel/1.png'),(461,'https://cdn.dummyjson.com/products/images/womens-watches/IWC%20Ingenieur%20Automatic%20Steel/2.png'),(462,'https://cdn.dummyjson.com/products/images/womens-watches/IWC%20Ingenieur%20Automatic%20Steel/3.png'),(463,'https://cdn.dummyjson.com/products/images/womens-watches/Rolex%20Cellini%20Moonphase/1.png'),(464,'https://cdn.dummyjson.com/products/images/womens-watches/Rolex%20Cellini%20Moonphase/2.png'),(465,'https://cdn.dummyjson.com/products/images/womens-watches/Rolex%20Cellini%20Moonphase/3.png'),(466,'https://cdn.dummyjson.com/products/images/womens-watches/Rolex%20Datejust%20Women/1.png'),(467,'https://cdn.dummyjson.com/products/images/womens-watches/Rolex%20Datejust%20Women/2.png'),(468,'https://cdn.dummyjson.com/products/images/womens-watches/Rolex%20Datejust%20Women/3.png'),(469,'https://cdn.dummyjson.com/products/images/womens-watches/Watch%20Gold%20for%20Women/1.png'),(470,'https://cdn.dummyjson.com/products/images/womens-watches/Watch%20Gold%20for%20Women/2.png'),(471,'https://cdn.dummyjson.com/products/images/womens-watches/Watch%20Gold%20for%20Women/3.png'),(472,'https://cdn.dummyjson.com/products/images/womens-watches/Women\'s%20Wrist%20Watch/1.png'),(473,'https://cdn.dummyjson.com/products/images/womens-watches/Women\'s%20Wrist%20Watch/2.png'),(474,'https://cdn.dummyjson.com/products/images/womens-watches/Women\'s%20Wrist%20Watch/3.png');
/*!40000 ALTER TABLE `images` ENABLE KEYS */;
UNLOCK TABLES;

--
-- Table structure for table `products`
--

DROP TABLE IF EXISTS `products`;
/*!40101 SET @saved_cs_client     = @@character_set_client */;
/*!50503 SET character_set_client = utf8mb4 */;
CREATE TABLE `products` (
  `ID` int NOT NULL,
  `title` varchar(120) DEFAULT NULL,
  `description` varchar(300) DEFAULT NULL,
  `price` float DEFAULT NULL,
  `discountPercentage` float DEFAULT NULL,
  `rating` float DEFAULT NULL,
  `stock` int DEFAULT NULL,
  `brand` varchar(60) DEFAULT NULL,
  `weight` int DEFAULT NULL,
  `width` float DEFAULT NULL,
  `height` float DEFAULT NULL,
  `depth` float DEFAULT NULL,
  `warrantyInformation` varchar(120) DEFAULT NULL,
  `shippingInformation` varchar(90) DEFAULT NULL,
  `availabilityStatus` varchar(90) DEFAULT NULL,
  `thumbnail` varchar(200) DEFAULT NULL,
  `idcategory` int DEFAULT NULL,
  PRIMARY KEY (`ID`)
) ENGINE=InnoDB DEFAULT CHARSET=utf8mb4 COLLATE=utf8mb4_0900_ai_ci;
/*!40101 SET character_set_client = @saved_cs_client */;

--
-- Dumping data for table `products`
--

LOCK TABLES `products` WRITE;
/*!40000 ALTER TABLE `products` DISABLE KEYS */;
INSERT INTO `products` VALUES (1,'Essence Mascara Lash Princess','The Essence Mascara Lash Princess is a popular mascara known for its volumizing and lengthening effects. Achieve dramatic lashes with this long-lasting and cruelty-free formula.',9.99,7.17,4.94,5,'Essence',2,23.17,14.43,28.01,'1 month warranty','Ships in 1 month','Low Stock','https://cdn.dummyjson.com/products/images/beauty/Essence%20Mascara%20Lash%20Princess/thumbnail.png',1),(2,'Eyeshadow Palette with Mirror','The Eyeshadow Palette with Mirror offers a versatile range of eyeshadow shades for creating stunning eye looks. With a built-in mirror, it\'s convenient for on-the-go makeup application.',19.99,5.5,3.28,44,'Glamour Beauty',3,12.42,8.63,29.13,'1 year warranty','Ships in 2 weeks','In Stock','https://cdn.dummyjson.com/products/images/beauty/Eyeshadow%20Palette%20with%20Mirror/thumbnail.png',2),(3,'Powder Canister','The Powder Canister is a finely milled setting powder designed to set makeup and control shine. With a lightweight and translucent formula, it provides a smooth and matte finish.',14.99,18.14,3.82,59,'Velvet Touch',8,24.16,10.7,11.07,'2 year warranty','Ships in 1-2 business days','In Stock','https://cdn.dummyjson.com/products/images/beauty/Powder%20Canister/thumbnail.png',3),(4,'Red Lipstick','The Red Lipstick is a classic and bold choice for adding a pop of color to your lips. With a creamy and pigmented formula, it provides a vibrant and long-lasting finish.',12.99,19.03,2.51,68,'Chic Cosmetics',5,14.37,13.94,14.6,'Lifetime warranty','Ships in 2 weeks','In Stock','https://cdn.dummyjson.com/products/images/beauty/Red%20Lipstick/thumbnail.png',4),(5,'Red Nail Polish','The Red Nail Polish offers a rich and glossy red hue for vibrant and polished nails. With a quick-drying formula, it provides a salon-quality finish at home.',8.99,2.46,3.91,71,'Nail Couture',9,8.11,10.89,29.06,'1 year warranty','Ships in 1 week','In Stock','https://cdn.dummyjson.com/products/images/beauty/Red%20Nail%20Polish/thumbnail.png',5),(6,'Calvin Klein CK One','CK One by Calvin Klein is a classic unisex fragrance, known for its fresh and clean scent. It\'s a versatile fragrance suitable for everyday wear.',49.99,0.32,4.85,17,'Calvin Klein',5,11.53,14.44,6.81,'5 year warranty','Ships overnight','In Stock','https://cdn.dummyjson.com/products/images/fragrances/Calvin%20Klein%20CK%20One/thumbnail.png',6),(7,'Chanel Coco Noir Eau De','Coco Noir by Chanel is an elegant and mysterious fragrance, featuring notes of grapefruit, rose, and sandalwood. Perfect for evening occasions.',129.99,18.64,2.76,41,'Chanel',4,21.27,28,11.89,'1 week warranty','Ships in 1 month','In Stock','https://cdn.dummyjson.com/products/images/fragrances/Chanel%20Coco%20Noir%20Eau%20De/thumbnail.png',7),(8,'Dior J\'adore','J\'adore by Dior is a luxurious and floral fragrance, known for its blend of ylang-ylang, rose, and jasmine. It embodies femininity and sophistication.',89.99,17.44,3.31,91,'Dior',10,21.51,7,26.51,'Lifetime warranty','Ships in 2 weeks','In Stock','https://cdn.dummyjson.com/products/images/fragrances/Dior%20J\'adore/thumbnail.png',8),(9,'Dolce Shine Eau de','Dolce Shine by Dolce & Gabbana is a vibrant and fruity fragrance, featuring notes of mango, jasmine, and blonde woods. It\'s a joyful and youthful scent.',69.99,11.47,2.68,3,'Dolce & Gabbana',5,17,24.57,13.3,'5 year warranty','Ships in 1-2 business days','Low Stock','https://cdn.dummyjson.com/products/images/fragrances/Dolce%20Shine%20Eau%20de/thumbnail.png',9),(10,'Gucci Bloom Eau de','Gucci Bloom by Gucci is a floral and captivating fragrance, with notes of tuberose, jasmine, and Rangoon creeper. It\'s a modern and romantic scent.',79.99,8.9,2.69,93,'Gucci',10,22.28,17.81,27.18,'No warranty','Ships in 2 weeks','In Stock','https://cdn.dummyjson.com/products/images/fragrances/Gucci%20Bloom%20Eau%20de/thumbnail.png',10),(11,'Annibale Colombo Bed','The Annibale Colombo Bed is a luxurious and elegant bed frame, crafted with high-quality materials for a comfortable and stylish bedroom.',1899.99,0.29,4.14,47,'Annibale Colombo',3,28.75,26.88,24.47,'2 year warranty','Ships overnight','In Stock','https://cdn.dummyjson.com/products/images/furniture/Annibale%20Colombo%20Bed/thumbnail.png',11),(12,'Annibale Colombo Sofa','The Annibale Colombo Sofa is a sophisticated and comfortable seating option, featuring exquisite design and premium upholstery for your living room.',2499.99,18.54,3.08,16,'Annibale Colombo',3,20.97,19.11,25.81,'1 month warranty','Ships overnight','In Stock','https://cdn.dummyjson.com/products/images/furniture/Annibale%20Colombo%20Sofa/thumbnail.png',12),(13,'Bedside Table African Cherry','The Bedside Table in African Cherry is a stylish and functional addition to your bedroom, providing convenient storage space and a touch of elegance.',299.99,9.58,4.48,16,'Furniture Co.',10,25.43,20.2,24.95,'6 months warranty','Ships in 1-2 business days','In Stock','https://cdn.dummyjson.com/products/images/furniture/Bedside%20Table%20African%20Cherry/thumbnail.png',13),(14,'Knoll Saarinen Executive Conference Chair','The Knoll Saarinen Executive Conference Chair is a modern and ergonomic chair, perfect for your office or conference room with its timeless design.',499.99,15.23,4.11,47,'Knoll',3,16.59,21.46,29.07,'Lifetime warranty','Ships in 3-5 business days','In Stock','https://cdn.dummyjson.com/products/images/furniture/Knoll%20Saarinen%20Executive%20Conference%20Chair/thumbnail.png',14),(15,'Wooden Bathroom Sink With Mirror','The Wooden Bathroom Sink with Mirror is a unique and stylish addition to your bathroom, featuring a wooden sink countertop and a matching mirror.',799.99,11.22,3.26,95,'Bath Trends',6,7.32,22.64,12.37,'6 months warranty','Ships in 3-5 business days','In Stock','https://cdn.dummyjson.com/products/images/furniture/Wooden%20Bathroom%20Sink%20With%20Mirror/thumbnail.png',15),(16,'Apple','Fresh and crisp apples, perfect for snacking or incorporating into various recipes.',1.99,1.97,2.96,9,NULL,8,8.29,5.58,12.41,'2 year warranty','Ships in 2 weeks','In Stock','https://cdn.dummyjson.com/products/images/groceries/Apple/thumbnail.png',16),(17,'Beef Steak','High-quality beef steak, great for grilling or cooking to your preferred level of doneness.',12.99,17.99,2.83,96,NULL,9,23.35,13.48,26.4,'1 month warranty','Ships overnight','In Stock','https://cdn.dummyjson.com/products/images/groceries/Beef%20Steak/thumbnail.png',17),(18,'Cat Food','Nutritious cat food formulated to meet the dietary needs of your feline friend.',8.99,9.57,2.88,13,NULL,9,15.4,13.97,25.13,'3 months warranty','Ships in 1-2 business days','In Stock','https://cdn.dummyjson.com/products/images/groceries/Cat%20Food/thumbnail.png',18),(19,'Chicken Meat','Fresh and tender chicken meat, suitable for various culinary preparations.',9.99,10.46,4.61,69,NULL,7,15.96,29.24,26.25,'Lifetime warranty','Ships in 1 month','In Stock','https://cdn.dummyjson.com/products/images/groceries/Chicken%20Meat/thumbnail.png',19),(20,'Cooking Oil','Versatile cooking oil suitable for frying, sauting, and various culinary applications.',4.99,18.89,4.01,22,NULL,8,8.18,27.45,27.88,'Lifetime warranty','Ships in 1 month','In Stock','https://cdn.dummyjson.com/products/images/groceries/Cooking%20Oil/thumbnail.png',20),(21,'Cucumber','Crisp and hydrating cucumbers, ideal for salads, snacks, or as a refreshing side.',1.49,11.44,4.71,22,NULL,9,11.04,20.5,8.18,'5 year warranty','Ships overnight','In Stock','https://cdn.dummyjson.com/products/images/groceries/Cucumber/thumbnail.png',21),(22,'Dog Food','Specially formulated dog food designed to provide essential nutrients for your canine companion.',10.99,18.15,2.74,40,NULL,2,29.39,29.77,20.54,'1 year warranty','Ships in 1 month','In Stock','https://cdn.dummyjson.com/products/images/groceries/Dog%20Food/thumbnail.png',22),(23,'Eggs','Fresh eggs, a versatile ingredient for baking, cooking, or breakfast.',2.99,5.8,4.46,10,NULL,4,12.3,10.99,15.53,'3 year warranty','Ships overnight','In Stock','https://cdn.dummyjson.com/products/images/groceries/Eggs/thumbnail.png',23),(24,'Fish Steak','Quality fish steak, suitable for grilling, baking, or pan-searing.',14.99,7,4.83,99,NULL,8,20.14,8.4,10.01,'1 year warranty','Ships in 1 month','In Stock','https://cdn.dummyjson.com/products/images/groceries/Fish%20Steak/thumbnail.png',24),(25,'Green Bell Pepper','Fresh and vibrant green bell pepper, perfect for adding color and flavor to your dishes.',1.29,15.5,4.28,89,NULL,7,7.32,14.31,21.38,'5 year warranty','Ships overnight','In Stock','https://cdn.dummyjson.com/products/images/groceries/Green%20Bell%20Pepper/thumbnail.png',25),(26,'Green Chili Pepper','Spicy green chili pepper, ideal for adding heat to your favorite recipes.',0.99,18.51,4.43,8,NULL,2,18.67,21.17,25.26,'No warranty','Ships in 1-2 business days','In Stock','https://cdn.dummyjson.com/products/images/groceries/Green%20Chili%20Pepper/thumbnail.png',26),(27,'Honey Jar','Pure and natural honey in a convenient jar, perfect for sweetening beverages or drizzling over food.',6.99,1.91,3.5,25,NULL,9,26.53,27.11,6.63,'2 year warranty','Ships overnight','In Stock','https://cdn.dummyjson.com/products/images/groceries/Honey%20Jar/thumbnail.png',27),(28,'Ice Cream','Creamy and delicious ice cream, available in various flavors for a delightful treat.',5.49,7.58,3.77,76,NULL,5,17.66,24.49,25.98,'2 year warranty','Ships in 2 weeks','In Stock','https://cdn.dummyjson.com/products/images/groceries/Ice%20Cream/thumbnail.png',28),(29,'Juice','Refreshing fruit juice, packed with vitamins and great for staying hydrated.',3.99,5.45,3.41,99,NULL,2,8.97,12.26,15.05,'1 week warranty','Ships in 1-2 business days','In Stock','https://cdn.dummyjson.com/products/images/groceries/Juice/thumbnail.png',29),(30,'Kiwi','Nutrient-rich kiwi, perfect for snacking or adding a tropical twist to your dishes.',2.49,10.32,4.37,1,NULL,8,27.3,7.48,15.08,'6 months warranty','Ships in 3-5 business days','Low Stock','https://cdn.dummyjson.com/products/images/groceries/Kiwi/thumbnail.png',30),(31,'Lemon','Zesty and tangy lemons, versatile for cooking, baking, or making refreshing beverages.',0.79,17.81,4.25,0,NULL,10,25.97,27.47,6.31,'3 year warranty','Ships in 1 week','Out of Stock','https://cdn.dummyjson.com/products/images/groceries/Lemon/thumbnail.png',31),(32,'Milk','Fresh and nutritious milk, a staple for various recipes and daily consumption.',3.49,15.09,3.14,57,NULL,1,22.42,20.9,12.48,'6 months warranty','Ships in 1 month','In Stock','https://cdn.dummyjson.com/products/images/groceries/Milk/thumbnail.png',32),(33,'Mulberry','Sweet and juicy mulberries, perfect for snacking or adding to desserts and cereals.',4.99,16.35,3.19,79,NULL,4,11.12,27.3,27.57,'3 months warranty','Ships in 1 month','In Stock','https://cdn.dummyjson.com/products/images/groceries/Mulberry/thumbnail.png',33),(34,'Nescafe Coffee','Quality coffee from Nescafe, available in various blends for a rich and satisfying cup.',7.99,11.65,2.54,22,NULL,9,11.21,24.54,15.05,'No warranty','Ships in 3-5 business days','In Stock','https://cdn.dummyjson.com/products/images/groceries/Nescafe%20Coffee/thumbnail.png',34),(35,'Potatoes','Versatile and starchy potatoes, great for roasting, mashing, or as a side dish.',2.29,4.05,3.82,8,NULL,9,20,6.44,20.07,'5 year warranty','Ships in 1-2 business days','In Stock','https://cdn.dummyjson.com/products/images/groceries/Potatoes/thumbnail.png',35),(36,'Protein Powder','Nutrient-packed protein powder, ideal for supplementing your diet with essential proteins.',19.99,1.58,3.91,65,NULL,2,5.62,7.88,23.48,'1 year warranty','Ships in 1-2 business days','In Stock','https://cdn.dummyjson.com/products/images/groceries/Protein%20Powder/thumbnail.png',36),(37,'Red Onions','Flavorful and aromatic red onions, perfect for adding depth to your savory dishes.',1.99,17.89,4.08,86,NULL,2,14.05,17.13,14.05,'Lifetime warranty','Ships in 2 weeks','In Stock','https://cdn.dummyjson.com/products/images/groceries/Red%20Onions/thumbnail.png',37),(38,'Rice','High-quality rice, a staple for various cuisines and a versatile base for many dishes.',5.99,12.02,3.94,49,NULL,1,28.86,6.26,11.04,'2 year warranty','Ships in 1 month','In Stock','https://cdn.dummyjson.com/products/images/groceries/Rice/thumbnail.png',38),(39,'Soft Drinks','Assorted soft drinks in various flavors, perfect for refreshing beverages.',1.99,1.88,4.59,78,NULL,9,15.73,24.93,27.19,'1 year warranty','Ships in 3-5 business days','In Stock','https://cdn.dummyjson.com/products/images/groceries/Soft%20Drinks/thumbnail.png',39),(40,'Strawberry','Sweet and succulent strawberries, great for snacking, desserts, or blending into smoothies.',3.99,19.59,4.5,9,NULL,4,20.82,15.81,14.89,'1 year warranty','Ships in 1 week','In Stock','https://cdn.dummyjson.com/products/images/groceries/Strawberry/thumbnail.png',40),(41,'Tissue Paper Box','Convenient tissue paper box for everyday use, providing soft and absorbent tissues.',2.49,15.44,4.55,97,NULL,3,24.1,19.74,5.48,'6 months warranty','Ships in 1 month','In Stock','https://cdn.dummyjson.com/products/images/groceries/Tissue%20Paper%20Box/thumbnail.png',41),(42,'Water','Pure and refreshing bottled water, essential for staying hydrated throughout the day.',0.99,13.71,2.93,95,NULL,2,25.46,25.86,18.06,'No warranty','Ships in 1 week','In Stock','https://cdn.dummyjson.com/products/images/groceries/Water/thumbnail.png',42),(43,'Decoration Swing','The Decoration Swing is a charming addition to your home decor. Crafted with intricate details, it adds a touch of elegance and whimsy to any room.',59.99,0.65,3.56,62,NULL,8,20.75,11.18,7.92,'Lifetime warranty','Ships in 2 weeks','In Stock','https://cdn.dummyjson.com/products/images/home-decoration/Decoration%20Swing/thumbnail.png',43),(44,'Family Tree Photo Frame','The Family Tree Photo Frame is a sentimental and stylish way to display your cherished family memories. With multiple photo slots, it tells the story of your loved ones.',29.99,1.53,3.84,34,NULL,4,15.46,26.32,17.1,'6 months warranty','Ships in 1 month','In Stock','https://cdn.dummyjson.com/products/images/home-decoration/Family%20Tree%20Photo%20Frame/thumbnail.png',44),(45,'House Showpiece Plant','The House Showpiece Plant is an artificial plant that brings a touch of nature to your home without the need for maintenance. It adds greenery and style to any space.',39.99,19.45,3.61,89,NULL,9,27.15,14.43,10.05,'5 year warranty','Ships in 1 week','In Stock','https://cdn.dummyjson.com/products/images/home-decoration/House%20Showpiece%20Plant/thumbnail.png',45),(46,'Plant Pot','The Plant Pot is a stylish container for your favorite plants. With a sleek design, it complements your indoor or outdoor garden, adding a modern touch to your plant display.',14.99,0.19,3.33,70,NULL,8,16.28,8.72,18.47,'2 year warranty','Ships in 1-2 business days','In Stock','https://cdn.dummyjson.com/products/images/home-decoration/Plant%20Pot/thumbnail.png',46),(47,'Table Lamp','The Table Lamp is a functional and decorative lighting solution for your living space. With a modern design, it provides both ambient and task lighting, enhancing the atmosphere.',49.99,0.59,4.56,84,NULL,2,29.6,19.68,10.12,'1 year warranty','Ships in 2 weeks','In Stock','https://cdn.dummyjson.com/products/images/home-decoration/Table%20Lamp/thumbnail.png',47),(48,'Bamboo Spatula','The Bamboo Spatula is a versatile kitchen tool made from eco-friendly bamboo. Ideal for flipping, stirring, and serving various dishes.',7.99,4.85,4.4,0,NULL,4,27.97,21.77,21.38,'1 year warranty','Ships in 1 month','Out of Stock','https://cdn.dummyjson.com/products/images/kitchen-accessories/Bamboo%20Spatula/thumbnail.png',48),(49,'Black Aluminium Cup','The Black Aluminium Cup is a stylish and durable cup suitable for both hot and cold beverages. Its sleek black design adds a modern touch to your drinkware collection.',5.99,9.22,3.62,42,NULL,8,7.48,23.98,12.84,'Lifetime warranty','Ships in 1 week','In Stock','https://cdn.dummyjson.com/products/images/kitchen-accessories/Black%20Aluminium%20Cup/thumbnail.png',49),(50,'Black Whisk','The Black Whisk is a kitchen essential for whisking and beating ingredients. Its ergonomic handle and sleek design make it a practical and stylish tool.',9.99,16.87,2.88,17,NULL,6,21.06,15.46,13.28,'5 year warranty','Ships in 3-5 business days','In Stock','https://cdn.dummyjson.com/products/images/kitchen-accessories/Black%20Whisk/thumbnail.png',50),(51,'Boxed Blender','The Boxed Blender is a powerful and compact blender perfect for smoothies, shakes, and more. Its convenient design and multiple functions make it a versatile kitchen appliance.',39.99,7.36,2.73,81,NULL,10,16.73,10.93,14.75,'3 months warranty','Ships in 2 weeks','In Stock','https://cdn.dummyjson.com/products/images/kitchen-accessories/Boxed%20Blender/thumbnail.png',51),(52,'Carbon Steel Wok','The Carbon Steel Wok is a versatile cooking pan suitable for stir-frying, sauting, and deep frying. Its sturdy construction ensures even heat distribution for delicious meals.',29.99,5.89,2.94,2,NULL,4,14.69,11.23,28.05,'2 year warranty','Ships in 1 month','Low Stock','https://cdn.dummyjson.com/products/images/kitchen-accessories/Carbon%20Steel%20Wok/thumbnail.png',52),(53,'Chopping Board','The Chopping Board is an essential kitchen accessory for food preparation. Made from durable material, it provides a safe and hygienic surface for cutting and chopping.',12.99,17.72,4.82,53,NULL,3,24.38,26.51,6.93,'Lifetime warranty','Ships in 1-2 business days','In Stock','https://cdn.dummyjson.com/products/images/kitchen-accessories/Chopping%20Board/thumbnail.png',53),(54,'Citrus Squeezer Yellow','The Citrus Squeezer in Yellow is a handy tool for extracting juice from citrus fruits. Its vibrant color adds a cheerful touch to your kitchen gadgets.',8.99,12.35,4.18,59,NULL,9,21.74,7.6,18.04,'3 year warranty','Ships overnight','In Stock','https://cdn.dummyjson.com/products/images/kitchen-accessories/Citrus%20Squeezer%20Yellow/thumbnail.png',54),(55,'Egg Slicer','The Egg Slicer is a convenient tool for slicing boiled eggs evenly. It\'s perfect for salads, sandwiches, and other dishes where sliced eggs are desired.',6.99,9.6,2.91,30,NULL,5,17.18,11.58,11.79,'5 year warranty','Ships in 1 week','In Stock','https://cdn.dummyjson.com/products/images/kitchen-accessories/Egg%20Slicer/thumbnail.png',55),(56,'Electric Stove','The Electric Stove provides a portable and efficient cooking solution. Ideal for small kitchens or as an additional cooking surface for various culinary needs.',49.99,16.64,4.84,41,NULL,9,28.07,11.43,20.68,'6 months warranty','Ships in 2 weeks','In Stock','https://cdn.dummyjson.com/products/images/kitchen-accessories/Electric%20Stove/thumbnail.png',56),(57,'Fine Mesh Strainer','The Fine Mesh Strainer is a versatile tool for straining liquids and sifting dry ingredients. Its fine mesh ensures efficient filtering for smooth cooking and baking.',9.99,2.56,3.7,13,NULL,6,5.19,9.64,20.53,'1 week warranty','Ships in 2 weeks','In Stock','https://cdn.dummyjson.com/products/images/kitchen-accessories/Fine%20Mesh%20Strainer/thumbnail.png',57),(58,'Fork','The Fork is a classic utensil for various dining and serving purposes. Its durable and ergonomic design makes it a reliable choice for everyday use.',3.99,14.36,4.18,10,NULL,6,23.61,25.62,5.67,'1 month warranty','Ships in 1-2 business days','In Stock','https://cdn.dummyjson.com/products/images/kitchen-accessories/Fork/thumbnail.png',58),(59,'Glass','The Glass is a versatile and elegant drinking vessel suitable for a variety of beverages. Its clear design allows you to enjoy the colors and textures of your drinks.',4.99,7.38,3.06,68,NULL,5,14.7,18.98,21.93,'3 year warranty','Ships in 2 weeks','In Stock','https://cdn.dummyjson.com/products/images/kitchen-accessories/Glass/thumbnail.png',59),(60,'Grater Black','The Grater in Black is a handy kitchen tool for grating cheese, vegetables, and more. Its sleek design and sharp blades make food preparation efficient and easy.',10.99,3.29,2.87,80,NULL,3,12.6,28.86,21.12,'3 year warranty','Ships in 1 month','In Stock','https://cdn.dummyjson.com/products/images/kitchen-accessories/Grater%20Black/thumbnail.png',60),(61,'Hand Blender','The Hand Blender is a versatile kitchen appliance for blending, pureeing, and mixing. Its compact design and powerful motor make it a convenient tool for various recipes.',34.99,6.44,3.71,8,NULL,4,13.3,6.21,16.77,'1 year warranty','Ships in 1 week','In Stock','https://cdn.dummyjson.com/products/images/kitchen-accessories/Hand%20Blender/thumbnail.png',61),(62,'Ice Cube Tray','The Ice Cube Tray is a practical accessory for making ice cubes in various shapes. Perfect for keeping your drinks cool and adding a fun element to your beverages.',5.99,0.95,3.27,81,NULL,8,27.19,20.42,17.45,'No warranty','Ships in 1 month','In Stock','https://cdn.dummyjson.com/products/images/kitchen-accessories/Ice%20Cube%20Tray/thumbnail.png',62),(63,'Kitchen Sieve','The Kitchen Sieve is a versatile tool for sifting and straining dry and wet ingredients. Its fine mesh design ensures smooth results in your cooking and baking.',7.99,9.23,2.96,33,NULL,5,22.94,11.91,20.47,'1 week warranty','Ships in 1-2 business days','In Stock','https://cdn.dummyjson.com/products/images/kitchen-accessories/Kitchen%20Sieve/thumbnail.png',63),(64,'Knife','The Knife is an essential kitchen tool for chopping, slicing, and dicing. Its sharp blade and ergonomic handle make it a reliable choice for food preparation.',14.99,19.95,4.31,59,NULL,7,11.63,23.99,24.62,'1 year warranty','Ships in 1 month','In Stock','https://cdn.dummyjson.com/products/images/kitchen-accessories/Knife/thumbnail.png',64),(65,'Lunch Box','The Lunch Box is a convenient and portable container for packing and carrying your meals. With compartments for different foods, it\'s perfect for on-the-go dining.',12.99,15.33,2.84,26,NULL,1,13.76,18.36,27.9,'3 year warranty','Ships in 1 month','In Stock','https://cdn.dummyjson.com/products/images/kitchen-accessories/Lunch%20Box/thumbnail.png',65),(66,'Microwave Oven','The Microwave Oven is a versatile kitchen appliance for quick and efficient cooking, reheating, and defrosting. Its compact size makes it suitable for various kitchen setups.',89.99,18.73,2.71,27,NULL,8,9.61,25.64,12.31,'6 months warranty','Ships in 1 month','In Stock','https://cdn.dummyjson.com/products/images/kitchen-accessories/Microwave%20Oven/thumbnail.png',66),(67,'Mug Tree Stand','The Mug Tree Stand is a stylish and space-saving solution for organizing your mugs. Keep your favorite mugs easily accessible and neatly displayed in your kitchen.',15.99,15.21,4.34,93,NULL,7,7.37,13.1,12,'1 week warranty','Ships in 3-5 business days','In Stock','https://cdn.dummyjson.com/products/images/kitchen-accessories/Mug%20Tree%20Stand/thumbnail.png',67),(68,'Pan','The Pan is a versatile and essential cookware item for frying, sauting, and cooking various dishes. Its non-stick coating ensures easy food release and cleanup.',24.99,6.55,3.4,40,NULL,7,19.51,17.96,23.24,'3 months warranty','Ships overnight','In Stock','https://cdn.dummyjson.com/products/images/kitchen-accessories/Pan/thumbnail.png',68),(69,'Plate','The Plate is a classic and essential dishware item for serving meals. Its durable and stylish design makes it suitable for everyday use or special occasions.',3.99,13.03,3.07,30,NULL,8,14.77,21.78,29.1,'1 year warranty','Ships overnight','In Stock','https://cdn.dummyjson.com/products/images/kitchen-accessories/Plate/thumbnail.png',69),(70,'Red Tongs','The Red Tongs are versatile kitchen tongs suitable for various cooking and serving tasks. Their vibrant color adds a pop of excitement to your kitchen utensils.',6.99,18.24,3.22,15,NULL,3,27.38,20.49,26.65,'1 month warranty','Ships in 3-5 business days','In Stock','https://cdn.dummyjson.com/products/images/kitchen-accessories/Red%20Tongs/thumbnail.png',70),(71,'Silver Pot With Glass Cap','The Silver Pot with Glass Cap is a stylish and functional cookware item for boiling, simmering, and preparing delicious meals. Its glass cap allows you to monitor cooking progress.',39.99,4.57,3.86,37,NULL,9,9.58,25.84,26.13,'Lifetime warranty','Ships in 1 week','In Stock','https://cdn.dummyjson.com/products/images/kitchen-accessories/Silver%20Pot%20With%20Glass%20Cap/thumbnail.png',71),(72,'Slotted Turner','The Slotted Turner is a kitchen utensil designed for flipping and turning food items. Its slotted design allows excess liquid to drain, making it ideal for frying and sauting.',8.99,7.24,3.77,36,NULL,4,22.29,24.06,7.05,'Lifetime warranty','Ships in 2 weeks','In Stock','https://cdn.dummyjson.com/products/images/kitchen-accessories/Slotted%20Turner/thumbnail.png',72),(73,'Spice Rack','The Spice Rack is a convenient organizer for your spices and seasonings. Keep your kitchen essentials within reach and neatly arranged with this stylish spice rack.',19.99,13.78,4.05,24,NULL,8,20.73,6.81,24.14,'Lifetime warranty','Ships in 1 month','In Stock','https://cdn.dummyjson.com/products/images/kitchen-accessories/Spice%20Rack/thumbnail.png',73),(74,'Spoon','The Spoon is a versatile kitchen utensil for stirring, serving, and tasting. Its ergonomic design and durable construction make it an essential tool for every kitchen.',4.99,0.93,3.98,51,NULL,9,8.45,25.16,17.43,'3 year warranty','Ships overnight','In Stock','https://cdn.dummyjson.com/products/images/kitchen-accessories/Spoon/thumbnail.png',74),(75,'Tray','The Tray is a functional and decorative item for serving snacks, appetizers, or drinks. Its stylish design makes it a versatile accessory for entertaining guests.',16.99,9.93,3.2,48,NULL,8,25.01,5.72,5.25,'5 year warranty','Ships in 2 weeks','In Stock','https://cdn.dummyjson.com/products/images/kitchen-accessories/Tray/thumbnail.png',75),(76,'Wooden Rolling Pin','The Wooden Rolling Pin is a classic kitchen tool for rolling out dough for baking. Its smooth surface and sturdy handles make it easy to achieve uniform thickness.',11.99,16.94,4.99,80,NULL,7,19.66,19.62,25.23,'1 week warranty','Ships overnight','In Stock','https://cdn.dummyjson.com/products/images/kitchen-accessories/Wooden%20Rolling%20Pin/thumbnail.png',76),(77,'Yellow Peeler','The Yellow Peeler is a handy tool for peeling fruits and vegetables with ease. Its bright yellow color adds a cheerful touch to your kitchen gadgets.',5.99,17.09,4.41,86,NULL,4,17.36,17.41,27.38,'1 month warranty','Ships in 3-5 business days','In Stock','https://cdn.dummyjson.com/products/images/kitchen-accessories/Yellow%20Peeler/thumbnail.png',77),(78,'Apple MacBook Pro 14 Inch Space Grey','The MacBook Pro 14 Inch in Space Grey is a powerful and sleek laptop, featuring Apple\'s M1 Pro chip for exceptional performance and a stunning Retina display.',1999.99,9.25,3.13,39,'Apple',4,12.38,21.55,27.95,'1 month warranty','Ships in 1 week','In Stock','https://cdn.dummyjson.com/products/images/laptops/Apple%20MacBook%20Pro%2014%20Inch%20Space%20Grey/thumbnail.png',78),(79,'Asus Zenbook Pro Dual Screen Laptop','The Asus Zenbook Pro Dual Screen Laptop is a high-performance device with dual screens, providing productivity and versatility for creative professionals.',1799.99,9.21,3.14,38,'Asus',8,19.67,11.05,14.32,'No warranty','Ships in 3-5 business days','In Stock','https://cdn.dummyjson.com/products/images/laptops/Asus%20Zenbook%20Pro%20Dual%20Screen%20Laptop/thumbnail.png',79),(80,'Huawei Matebook X Pro','The Huawei Matebook X Pro is a slim and stylish laptop with a high-resolution touchscreen display, offering a premium experience for users on the go.',1399.99,15.25,4.62,34,'Huawei',9,22.11,11.11,23.07,'2 year warranty','Ships in 2 weeks','In Stock','https://cdn.dummyjson.com/products/images/laptops/Huawei%20Matebook%20X%20Pro/thumbnail.png',80),(81,'Lenovo Yoga 920','The Lenovo Yoga 920 is a 2-in-1 convertible laptop with a flexible hinge, allowing you to use it as a laptop or tablet, offering versatility and portability.',1099.99,7.77,2.98,71,'Lenovo',7,11.02,14.45,24.09,'Lifetime warranty','Ships in 1 week','In Stock','https://cdn.dummyjson.com/products/images/laptops/Lenovo%20Yoga%20920/thumbnail.png',81),(82,'New DELL XPS 13 9300 Laptop','The New DELL XPS 13 9300 Laptop is a compact and powerful device, featuring a virtually borderless InfinityEdge display and high-end performance for various tasks.',1499.99,11.7,2.98,18,'Dell',10,12.09,6.43,15.69,'Lifetime warranty','Ships overnight','In Stock','https://cdn.dummyjson.com/products/images/laptops/New%20DELL%20XPS%2013%209300%20Laptop/thumbnail.png',82),(83,'Blue & Black Check Shirt','The Blue & Black Check Shirt is a stylish and comfortable men\'s shirt featuring a classic check pattern. Made from high-quality fabric, it\'s suitable for both casual and semi-formal occasions.',29.99,1.41,4.19,44,'Fashion Trends',6,17.25,27.31,20.88,'No warranty','Ships in 1 month','In Stock','https://cdn.dummyjson.com/products/images/mens-shirts/Blue%20&%20Black%20Check%20Shirt/thumbnail.png',83),(84,'Gigabyte Aorus Men Tshirt','The Gigabyte Aorus Men Tshirt is a cool and casual shirt for gaming enthusiasts. With the Aorus logo and sleek design, it\'s perfect for expressing your gaming style.',24.99,12.6,4.95,64,'Gigabyte',2,8.54,23.52,5.66,'1 month warranty','Ships in 1 week','In Stock','https://cdn.dummyjson.com/products/images/mens-shirts/Gigabyte%20Aorus%20Men%20Tshirt/thumbnail.png',84),(85,'Man Plaid Shirt','The Man Plaid Shirt is a timeless and versatile men\'s shirt with a classic plaid pattern. Its comfortable fit and casual style make it a wardrobe essential for various occasions.',34.99,17.53,3.66,65,'Classic Wear',1,29.56,29.84,7.77,'Lifetime warranty','Ships in 1 week','In Stock','https://cdn.dummyjson.com/products/images/mens-shirts/Man%20Plaid%20Shirt/thumbnail.png',85),(86,'Man Short Sleeve Shirt','The Man Short Sleeve Shirt is a breezy and stylish option for warm days. With a comfortable fit and short sleeves, it\'s perfect for a laid-back yet polished look.',19.99,8.65,4.62,20,'Casual Comfort',2,7.11,28.63,27.54,'5 year warranty','Ships in 2 weeks','In Stock','https://cdn.dummyjson.com/products/images/mens-shirts/Man%20Short%20Sleeve%20Shirt/thumbnail.png',86),(87,'Men Check Shirt','The Men Check Shirt is a classic and versatile shirt featuring a stylish check pattern. Suitable for various occasions, it adds a smart and polished touch to your wardrobe.',27.99,14.21,2.9,69,'Urban Chic',1,18.43,6.96,20.73,'3 year warranty','Ships in 1 month','In Stock','https://cdn.dummyjson.com/products/images/mens-shirts/Men%20Check%20Shirt/thumbnail.png',87),(88,'Nike Air Jordan 1 Red And Black','The Nike Air Jordan 1 in Red and Black is an iconic basketball sneaker known for its stylish design and high-performance features, making it a favorite among sneaker enthusiasts and athletes.',149.99,15.82,2.77,15,'Nike',5,19.29,13.2,29.13,'1 year warranty','Ships in 1 month','In Stock','https://cdn.dummyjson.com/products/images/mens-shoes/Nike%20Air%20Jordan%201%20Red%20And%20Black/thumbnail.png',88),(89,'Nike Baseball Cleats','Nike Baseball Cleats are designed for maximum traction and performance on the baseball field. They provide stability and support for players during games and practices.',79.99,11.4,4.01,14,'Nike',7,14.83,19.16,28.98,'No warranty','Ships overnight','In Stock','https://cdn.dummyjson.com/products/images/mens-shoes/Nike%20Baseball%20Cleats/thumbnail.png',89),(90,'Puma Future Rider Trainers','The Puma Future Rider Trainers offer a blend of retro style and modern comfort. Perfect for casual wear, these trainers provide a fashionable and comfortable option for everyday use.',89.99,3.64,4.85,10,'Puma',8,14.58,25.54,19.57,'2 year warranty','Ships in 1 month','In Stock','https://cdn.dummyjson.com/products/images/mens-shoes/Puma%20Future%20Rider%20Trainers/thumbnail.png',90),(91,'Sports Sneakers Off White & Red','The Sports Sneakers in Off White and Red combine style and functionality, making them a fashionable choice for sports enthusiasts. The red and off-white color combination adds a bold and energetic touch.',119.99,11.69,4.92,73,'Off White',3,10.71,19.23,19.85,'6 months warranty','Ships overnight','In Stock','https://cdn.dummyjson.com/products/images/mens-shoes/Sports%20Sneakers%20Off%20White%20&%20Red/thumbnail.png',91),(92,'Sports Sneakers Off White Red','Another variant of the Sports Sneakers in Off White Red, featuring a unique design. These sneakers offer style and comfort for casual occasions.',109.99,17.22,2.95,75,'Off White',4,18.32,19.34,28.56,'No warranty','Ships in 1 week','In Stock','https://cdn.dummyjson.com/products/images/mens-shoes/Sports%20Sneakers%20Off%20White%20Red/thumbnail.png',92),(93,'Brown Leather Belt Watch','The Brown Leather Belt Watch is a stylish timepiece with a classic design. Featuring a genuine leather strap and a sleek dial, it adds a touch of sophistication to your look.',89.99,15.01,4.47,69,'Fashion Timepieces',10,18.39,10.82,10.52,'3 months warranty','Ships in 1 week','In Stock','https://cdn.dummyjson.com/products/images/mens-watches/Brown%20Leather%20Belt%20Watch/thumbnail.png',93),(94,'Longines Master Collection','The Longines Master Collection is an elegant and refined watch known for its precision and craftsmanship. With a timeless design, it\'s a symbol of luxury and sophistication.',1499.99,0.64,2.64,65,'Longines',2,5.83,12.48,7.65,'1 month warranty','Ships in 3-5 business days','In Stock','https://cdn.dummyjson.com/products/images/mens-watches/Longines%20Master%20Collection/thumbnail.png',94),(95,'Rolex Cellini Date Black Dial','The Rolex Cellini Date with Black Dial is a classic and prestigious watch. With a black dial and date complication, it exudes sophistication and is a symbol of Rolex\'s heritage.',8999.99,14.28,3.61,84,'Rolex',6,12.17,27.99,10.36,'5 year warranty','Ships in 1 month','In Stock','https://cdn.dummyjson.com/products/images/mens-watches/Rolex%20Cellini%20Date%20Black%20Dial/thumbnail.png',95),(96,'Rolex Cellini Moonphase','The Rolex Cellini Moonphase is a masterpiece of horology, featuring a moon phase complication and exquisite design. It reflects Rolex\'s commitment to precision and elegance.',13000,5.7,4.52,33,'Rolex',5,28.07,13.43,10.81,'3 year warranty','Ships overnight','In Stock','https://cdn.dummyjson.com/products/images/mens-watches/Rolex%20Cellini%20Moonphase/thumbnail.png',96),(97,'Rolex Datejust','The Rolex Datejust is an iconic and versatile timepiece with a date window. Known for its timeless design and reliability, it\'s a symbol of Rolex\'s watchmaking excellence.',11000,9.69,4.94,11,'Rolex',5,9.68,7.29,5.67,'6 months warranty','Ships in 3-5 business days','In Stock','https://cdn.dummyjson.com/products/images/mens-watches/Rolex%20Datejust/thumbnail.png',97),(98,'Rolex Submariner Watch','The Rolex Submariner is a legendary dive watch with a rich history. Known for its durability and water resistance, it\'s a symbol of adventure and exploration.',14000,0.82,2.97,35,'Rolex',5,5.22,27.59,16.93,'No warranty','Ships in 1-2 business days','In Stock','https://cdn.dummyjson.com/products/images/mens-watches/Rolex%20Submariner%20Watch/thumbnail.png',98),(99,'Amazon Echo Plus','The Amazon Echo Plus is a smart speaker with built-in Alexa voice control. It features premium sound quality and serves as a hub for controlling smart home devices.',99.99,16.3,3.52,50,'Amazon',7,8.1,7.74,5.68,'1 month warranty','Ships in 1 week','In Stock','https://cdn.dummyjson.com/products/images/mobile-accessories/Amazon%20Echo%20Plus/thumbnail.png',99),(100,'Apple Airpods','The Apple Airpods offer a seamless wireless audio experience. With easy pairing, high-quality sound, and Siri integration, they are perfect for on-the-go listening.',129.99,4.82,4.38,93,'Apple',3,22.62,9.92,18.15,'No warranty','Ships in 3-5 business days','In Stock','https://cdn.dummyjson.com/products/images/mobile-accessories/Apple%20Airpods/thumbnail.png',100),(101,'Apple AirPods Max Silver','The Apple AirPods Max in Silver are premium over-ear headphones with high-fidelity audio, adaptive EQ, and active noise cancellation. Experience immersive sound in style.',549.99,11.7,3.11,7,'Apple',4,7.73,18.36,17.87,'3 months warranty','Ships in 1 month','In Stock','https://cdn.dummyjson.com/products/images/mobile-accessories/Apple%20AirPods%20Max%20Silver/thumbnail.png',101),(102,'Apple Airpower Wireless Charger','The Apple AirPower Wireless Charger provides a convenient way to charge your compatible Apple devices wirelessly. Simply place your devices on the charging mat for effortless charging.',79.99,6.54,4.51,78,'Apple',3,25.51,20.44,26.48,'Lifetime warranty','Ships in 1 month','In Stock','https://cdn.dummyjson.com/products/images/mobile-accessories/Apple%20Airpower%20Wireless%20Charger/thumbnail.png',102),(103,'Apple HomePod Mini Cosmic Grey','The Apple HomePod Mini in Cosmic Grey is a compact smart speaker that delivers impressive audio and integrates seamlessly with the Apple ecosystem for a smart home experience.',99.99,3.7,4.51,65,'Apple',2,21.14,12.62,20.13,'1 month warranty','Ships overnight','In Stock','https://cdn.dummyjson.com/products/images/mobile-accessories/Apple%20HomePod%20Mini%20Cosmic%20Grey/thumbnail.png',103),(104,'Apple iPhone Charger','The Apple iPhone Charger is a high-quality charger designed for fast and efficient charging of your iPhone. Ensure your device stays powered up and ready to go.',19.99,1.01,3.03,4,'Apple',5,28.77,25.05,29.55,'2 year warranty','Ships in 1 week','Low Stock','https://cdn.dummyjson.com/products/images/mobile-accessories/Apple%20iPhone%20Charger/thumbnail.png',104),(105,'Apple MagSafe Battery Pack','The Apple MagSafe Battery Pack is a portable and convenient way to add extra battery life to your MagSafe-compatible iPhone. Attach it magnetically for a secure connection.',99.99,10.27,2.61,80,'Apple',6,21.61,7.98,9.32,'3 year warranty','Ships in 3-5 business days','In Stock','https://cdn.dummyjson.com/products/images/mobile-accessories/Apple%20MagSafe%20Battery%20Pack/thumbnail.png',105),(106,'Apple Watch Series 4 Gold','The Apple Watch Series 4 in Gold is a stylish and advanced smartwatch with features like heart rate monitoring, fitness tracking, and a beautiful Retina display.',349.99,5.14,4.42,68,'Apple',6,8.96,28.26,26.46,'6 months warranty','Ships in 1-2 business days','In Stock','https://cdn.dummyjson.com/products/images/mobile-accessories/Apple%20Watch%20Series%204%20Gold/thumbnail.png',106),(107,'Beats Flex Wireless Earphones','The Beats Flex Wireless Earphones offer a comfortable and versatile audio experience. With magnetic earbuds and up to 12 hours of battery life, they are ideal for everyday use.',49.99,8.27,4.17,49,'Beats',6,23.49,15.22,20.05,'1 week warranty','Ships overnight','In Stock','https://cdn.dummyjson.com/products/images/mobile-accessories/Beats%20Flex%20Wireless%20Earphones/thumbnail.png',107),(108,'iPhone 12 Silicone Case with MagSafe Plum','The iPhone 12 Silicone Case with MagSafe in Plum is a stylish and protective case designed for the iPhone 12. It features MagSafe technology for easy attachment of accessories.',29.99,14.35,4.41,51,'Apple',5,6.32,23.37,21.62,'1 year warranty','Ships in 1 month','In Stock','https://cdn.dummyjson.com/products/images/mobile-accessories/iPhone%2012%20Silicone%20Case%20with%20MagSafe%20Plum/thumbnail.png',108),(109,'Monopod','The Monopod is a versatile camera accessory for stable and adjustable shooting. Perfect for capturing selfies, group photos, and videos with ease.',19.99,11.62,2.99,96,'TechGear',9,8.42,25.12,29.9,'1 week warranty','Ships in 1 week','In Stock','https://cdn.dummyjson.com/products/images/mobile-accessories/Monopod/thumbnail.png',109),(110,'Selfie Lamp with iPhone','The Selfie Lamp with iPhone is a portable and adjustable LED light designed to enhance your selfies and video calls. Attach it to your iPhone for well-lit photos.',14.99,13.86,2.84,89,'GadgetMaster',7,13.38,26.33,22.71,'1 week warranty','Ships in 1 week','In Stock','https://cdn.dummyjson.com/products/images/mobile-accessories/Selfie%20Lamp%20with%20iPhone/thumbnail.png',110),(111,'Selfie Stick Monopod','The Selfie Stick Monopod is a extendable and foldable device for capturing the perfect selfie or group photo. Compatible with smartphones and cameras.',12.99,15.29,2.93,33,'SnapTech',7,6.11,27.92,23.63,'3 year warranty','Ships overnight','In Stock','https://cdn.dummyjson.com/products/images/mobile-accessories/Selfie%20Stick%20Monopod/thumbnail.png',111),(112,'TV Studio Camera Pedestal','The TV Studio Camera Pedestal is a professional-grade camera support system for smooth and precise camera movements in a studio setting. Ideal for broadcast and production.',499.99,10.28,4.05,45,'ProVision',7,29.9,16.66,13.85,'6 months warranty','Ships overnight','In Stock','https://cdn.dummyjson.com/products/images/mobile-accessories/TV%20Studio%20Camera%20Pedestal/thumbnail.png',112),(113,'Generic Motorcycle','The Generic Motorcycle is a versatile and reliable bike suitable for various riding preferences. With a balanced design, it provides a comfortable and efficient riding experience.',3999.99,2.89,4.85,63,'Generic Motors',9,14.87,16.41,12.98,'3 months warranty','Ships in 2 weeks','In Stock','https://cdn.dummyjson.com/products/images/motorcycle/Generic%20Motorcycle/thumbnail.png',113),(114,'Kawasaki Z800','The Kawasaki Z800 is a powerful and agile sportbike known for its striking design and performance. It\'s equipped with advanced features, making it a favorite among motorcycle enthusiasts.',8999.99,15.07,4.06,88,'Kawasaki',7,28.34,11.9,8.19,'1 month warranty','Ships in 1 month','In Stock','https://cdn.dummyjson.com/products/images/motorcycle/Kawasaki%20Z800/thumbnail.png',114),(115,'MotoGP CI.H1','The MotoGP CI.H1 is a high-performance motorcycle inspired by MotoGP racing technology. It offers cutting-edge features and precision engineering for an exhilarating riding experience.',15000,17,4.15,85,'MotoGP',9,27.4,10.05,5.17,'2 year warranty','Ships in 1 month','In Stock','https://cdn.dummyjson.com/products/images/motorcycle/MotoGP%20CI.H1/thumbnail.png',115),(116,'Scooter Motorcycle','The Scooter Motorcycle is a practical and fuel-efficient bike ideal for urban commuting. It features a step-through design and user-friendly controls for easy maneuverability.',2999.99,19.19,3.33,11,'ScootMaster',2,8.02,10.2,17.22,'3 year warranty','Ships in 1 week','In Stock','https://cdn.dummyjson.com/products/images/motorcycle/Scooter%20Motorcycle/thumbnail.png',116),(117,'Sportbike Motorcycle','The Sportbike Motorcycle is designed for speed and agility, with a sleek and aerodynamic profile. It\'s suitable for riders looking for a dynamic and thrilling riding experience.',7499.99,18.07,2.97,12,'SpeedMaster',9,17.16,15.02,15.03,'Lifetime warranty','Ships in 1 month','In Stock','https://cdn.dummyjson.com/products/images/motorcycle/Sportbike%20Motorcycle/thumbnail.png',117),(118,'Attitude Super Leaves Hand Soap','Attitude Super Leaves Hand Soap is a natural and nourishing hand soap enriched with the goodness of super leaves. It cleanses and moisturizes your hands, leaving them feeling fresh and soft.',8.99,17.42,4.68,98,'Attitude',6,9.98,14.56,19.38,'3 months warranty','Ships in 1 month','In Stock','https://cdn.dummyjson.com/products/images/skin-care/Attitude%20Super%20Leaves%20Hand%20Soap/thumbnail.png',118),(119,'Olay Ultra Moisture Shea Butter Body Wash','Olay Ultra Moisture Shea Butter Body Wash is a luxurious body wash that hydrates and nourishes your skin with the moisturizing power of shea butter. Enjoy a rich lather and silky-smooth skin.',12.99,16.95,4.81,43,'Olay',8,8.6,28.86,22.75,'1 year warranty','Ships in 1 month','In Stock','https://cdn.dummyjson.com/products/images/skin-care/Olay%20Ultra%20Moisture%20Shea%20Butter%20Body%20Wash/thumbnail.png',119),(120,'Vaseline Men Body and Face Lotion','Vaseline Men Body and Face Lotion is a specially formulated lotion designed to provide long-lasting moisture to men\'s skin. It absorbs quickly and helps keep the skin hydrated and healthy.',9.99,11.63,3.97,54,'Vaseline',10,28.39,25.58,15.49,'5 year warranty','Ships in 1 month','In Stock','https://cdn.dummyjson.com/products/images/skin-care/Vaseline%20Men%20Body%20and%20Face%20Lotion/thumbnail.png',120),(121,'iPhone 5s','The iPhone 5s is a classic smartphone known for its compact design and advanced features during its release. While it\'s an older model, it still provides a reliable user experience.',199.99,11.85,3.92,65,'Apple',4,8.49,25.34,18.12,'1 week warranty','Ships in 1 week','In Stock','https://cdn.dummyjson.com/products/images/smartphones/iPhone%205s/thumbnail.png',121),(122,'iPhone 6','The iPhone 6 is a stylish and capable smartphone with a larger display and improved performance. It introduced new features and design elements, making it a popular choice in its time.',299.99,4.54,3.76,99,'Apple',8,16.21,22.94,5.63,'3 year warranty','Ships overnight','In Stock','https://cdn.dummyjson.com/products/images/smartphones/iPhone%206/thumbnail.png',122),(123,'iPhone 13 Pro','The iPhone 13 Pro is a cutting-edge smartphone with a powerful camera system, high-performance chip, and stunning display. It offers advanced features for users who demand top-notch technology.',1099.99,18.3,3.42,26,'Apple',8,22.39,9.77,19.6,'1 year warranty','Ships in 2 weeks','In Stock','https://cdn.dummyjson.com/products/images/smartphones/iPhone%2013%20Pro/thumbnail.png',123),(124,'iPhone X','The iPhone X is a flagship smartphone featuring a bezel-less OLED display, facial recognition technology (Face ID), and impressive performance. It represents a milestone in iPhone design and innovation.',899.99,14.19,4.96,99,'Apple',10,27.86,8.53,17.07,'3 months warranty','Ships in 1 month','In Stock','https://cdn.dummyjson.com/products/images/smartphones/iPhone%20X/thumbnail.png',124),(125,'Oppo A57','The Oppo A57 is a mid-range smartphone known for its sleek design and capable features. It offers a balance of performance and affordability, making it a popular choice.',249.99,12.17,3.1,76,'Oppo',3,29.52,11.25,14.41,'No warranty','Ships in 1 month','In Stock','https://cdn.dummyjson.com/products/images/smartphones/Oppo%20A57/thumbnail.png',125),(126,'Oppo F19 Pro Plus','The Oppo F19 Pro Plus is a feature-rich smartphone with a focus on camera capabilities. It boasts advanced photography features and a powerful performance for a premium user experience.',399.99,15.62,2.57,92,'Oppo',2,20.35,16.4,13.31,'3 year warranty','Ships in 1-2 business days','In Stock','https://cdn.dummyjson.com/products/images/smartphones/Oppo%20F19%20Pro%20Plus/thumbnail.png',126),(127,'Oppo K1','The Oppo K1 series offers a range of smartphones with various features and specifications. Known for their stylish design and reliable performance, the Oppo K1 series caters to diverse user preferences.',299.99,14.58,3.39,61,'Oppo',2,21.83,27.83,27.47,'2 year warranty','Ships in 2 weeks','In Stock','https://cdn.dummyjson.com/products/images/smartphones/Oppo%20K1/thumbnail.png',127),(128,'Realme C35','The Realme C35 is a budget-friendly smartphone with a focus on providing essential features for everyday use. It offers a reliable performance and user-friendly experience.',149.99,16.47,2.56,81,'Realme',6,21.74,28.75,22.22,'Lifetime warranty','Ships in 1 week','In Stock','https://cdn.dummyjson.com/products/images/smartphones/Realme%20C35/thumbnail.png',128),(129,'Realme X','The Realme X is a mid-range smartphone known for its sleek design and impressive display. It offers a good balance of performance and camera capabilities for users seeking a quality device.',299.99,2.39,4.42,87,'Realme',1,29.32,16.3,24.12,'1 month warranty','Ships in 3-5 business days','In Stock','https://cdn.dummyjson.com/products/images/smartphones/Realme%20X/thumbnail.png',129),(130,'Realme XT','The Realme XT is a feature-rich smartphone with a focus on camera technology. It comes equipped with advanced camera sensors, delivering high-quality photos and videos for photography enthusiasts.',349.99,3.03,4.14,53,'Realme',4,28.82,23.44,6.21,'1 week warranty','Ships in 1 month','In Stock','https://cdn.dummyjson.com/products/images/smartphones/Realme%20XT/thumbnail.png',130),(131,'Samsung Galaxy S7','The Samsung Galaxy S7 is a flagship smartphone known for its sleek design and advanced features. It features a high-resolution display, powerful camera, and robust performance.',299.99,8.83,4.9,55,'Samsung',8,23.33,27.33,27.02,'1 month warranty','Ships in 2 weeks','In Stock','https://cdn.dummyjson.com/products/images/smartphones/Samsung%20Galaxy%20S7/thumbnail.png',131),(132,'Samsung Galaxy S8','The Samsung Galaxy S8 is a premium smartphone with an Infinity Display, offering a stunning visual experience. It boasts advanced camera capabilities and cutting-edge technology.',499.99,2.69,3.69,75,'Samsung',6,6.88,8.96,18.13,'Lifetime warranty','Ships in 3-5 business days','In Stock','https://cdn.dummyjson.com/products/images/smartphones/Samsung%20Galaxy%20S8/thumbnail.png',132),(133,'Samsung Galaxy S10','The Samsung Galaxy S10 is a flagship device featuring a dynamic AMOLED display, versatile camera system, and powerful performance. It represents innovation and excellence in smartphone technology.',699.99,0.97,2.81,40,'Samsung',3,28.23,7.35,10.68,'1 month warranty','Ships overnight','In Stock','https://cdn.dummyjson.com/products/images/smartphones/Samsung%20Galaxy%20S10/thumbnail.png',133),(134,'Vivo S1','The Vivo S1 is a stylish and mid-range smartphone offering a blend of design and performance. It features a vibrant display, capable camera system, and reliable functionality.',249.99,4.25,2.83,13,'Vivo',1,28.83,26.69,23.12,'1 week warranty','Ships overnight','In Stock','https://cdn.dummyjson.com/products/images/smartphones/Vivo%20S1/thumbnail.png',134),(135,'Vivo V9','The Vivo V9 is a smartphone known for its sleek design and emphasis on capturing high-quality selfies. It features a notch display, dual-camera setup, and a modern design.',299.99,14.57,3.1,19,'Vivo',5,27.29,9.73,14.79,'1 week warranty','Ships overnight','In Stock','https://cdn.dummyjson.com/products/images/smartphones/Vivo%20V9/thumbnail.png',135),(136,'Vivo X21','The Vivo X21 is a premium smartphone with a focus on cutting-edge technology. It features an in-display fingerprint sensor, a high-resolution display, and advanced camera capabilities.',499.99,7.32,2.75,0,'Vivo',7,5.72,16.47,27.76,'1 week warranty','Ships overnight','Out of Stock','https://cdn.dummyjson.com/products/images/smartphones/Vivo%20X21/thumbnail.png',136),(137,'American Football','The American Football is a classic ball used in American football games. It is designed for throwing and catching, making it an essential piece of equipment for the sport.',19.99,10.28,3.78,48,NULL,9,9.74,23.16,26.86,'1 month warranty','Ships in 2 weeks','In Stock','https://cdn.dummyjson.com/products/images/sports-accessories/American%20Football/thumbnail.png',137),(138,'Baseball Ball','The Baseball Ball is a standard baseball used in baseball games. It features a durable leather cover and is designed for pitching, hitting, and fielding in the game of baseball.',8.99,13.72,4.76,71,NULL,6,21.26,20.59,18.28,'3 year warranty','Ships overnight','In Stock','https://cdn.dummyjson.com/products/images/sports-accessories/Baseball%20Ball/thumbnail.png',138),(139,'Baseball Glove','The Baseball Glove is a protective glove worn by baseball players. It is designed to catch and field the baseball, providing players with comfort and control during the game.',24.99,16.27,2.72,43,NULL,7,15.64,18.72,26.09,'3 year warranty','Ships in 3-5 business days','In Stock','https://cdn.dummyjson.com/products/images/sports-accessories/Baseball%20Glove/thumbnail.png',139),(140,'Basketball','The Basketball is a standard ball used in basketball games. It is designed for dribbling, shooting, and passing in the game of basketball, suitable for both indoor and outdoor play.',14.99,18.05,4.15,100,NULL,10,15.68,23.18,16.25,'3 months warranty','Ships in 1 month','In Stock','https://cdn.dummyjson.com/products/images/sports-accessories/Basketball/thumbnail.png',140),(141,'Basketball Rim','The Basketball Rim is a sturdy hoop and net assembly mounted on a basketball backboard. It provides a target for shooting and scoring in the game of basketball.',39.99,6.02,4.98,57,NULL,7,12.95,15.58,15.23,'Lifetime warranty','Ships in 2 weeks','In Stock','https://cdn.dummyjson.com/products/images/sports-accessories/Basketball%20Rim/thumbnail.png',141),(142,'Cricket Ball','The Cricket Ball is a hard leather ball used in the sport of cricket. It is bowled and batted in the game, and its hardness and seam contribute to the dynamics of cricket play.',12.99,12.93,4.43,42,NULL,4,26.97,13.92,26.59,'No warranty','Ships overnight','In Stock','https://cdn.dummyjson.com/products/images/sports-accessories/Cricket%20Ball/thumbnail.png',142),(143,'Cricket Bat','The Cricket Bat is an essential piece of cricket equipment used by batsmen to hit the cricket ball. It is made of wood and comes in various sizes and designs.',29.99,9.03,3.07,3,NULL,4,14.13,25.99,9.02,'Lifetime warranty','Ships overnight','Low Stock','https://cdn.dummyjson.com/products/images/sports-accessories/Cricket%20Bat/thumbnail.png',143),(144,'Cricket Helmet','The Cricket Helmet is a protective headgear worn by cricket players, especially batsmen and wicketkeepers. It provides protection against fast bowling and bouncers.',44.99,10.75,3.34,31,NULL,4,18.85,16.08,6.2,'3 year warranty','Ships in 2 weeks','In Stock','https://cdn.dummyjson.com/products/images/sports-accessories/Cricket%20Helmet/thumbnail.png',144),(145,'Cricket Wicket','The Cricket Wicket is a set of three stumps and two bails, forming a wicket used in the sport of cricket. Batsmen aim to protect the wicket while scoring runs.',29.99,8.79,4.16,31,NULL,2,15.56,7.36,6.91,'No warranty','Ships in 1 week','In Stock','https://cdn.dummyjson.com/products/images/sports-accessories/Cricket%20Wicket/thumbnail.png',145),(146,'Feather Shuttlecock','The Feather Shuttlecock is used in the sport of badminton. It features natural feathers and is designed for high-speed play, providing stability and accuracy during matches.',5.99,10.24,3.95,17,NULL,7,15.24,28.04,13.49,'3 months warranty','Ships in 3-5 business days','In Stock','https://cdn.dummyjson.com/products/images/sports-accessories/Feather%20Shuttlecock/thumbnail.png',146),(147,'Football','The Football, also known as a soccer ball, is the standard ball used in the sport of football (soccer). It is designed for kicking and passing in the game.',17.99,0.59,3.94,66,NULL,1,22.49,7.19,13.42,'2 year warranty','Ships in 2 weeks','In Stock','https://cdn.dummyjson.com/products/images/sports-accessories/Football/thumbnail.png',147),(148,'Golf Ball','The Golf Ball is a small ball used in the sport of golf. It features dimples on its surface, providing aerodynamic lift and distance when struck by a golf club.',9.99,19.38,4.84,45,NULL,1,11.42,18.98,7.29,'1 month warranty','Ships in 1 week','In Stock','https://cdn.dummyjson.com/products/images/sports-accessories/Golf%20Ball/thumbnail.png',148),(149,'Iron Golf','The Iron Golf is a type of golf club designed for various golf shots. It features a solid metal head and is used for approach shots, chipping, and other golfing techniques.',49.99,3.32,4.87,7,NULL,5,27.3,14.38,23.56,'3 months warranty','Ships in 1 month','Low Stock','https://cdn.dummyjson.com/products/images/sports-accessories/Iron%20Golf/thumbnail.png',149),(150,'Metal Baseball Bat','The Metal Baseball Bat is a durable and lightweight baseball bat made from metal alloys. It is commonly used in baseball games for hitting and batting practice.',29.99,2.55,4.11,37,NULL,4,29.14,10.81,24.92,'1 month warranty','Ships in 3-5 business days','In Stock','https://cdn.dummyjson.com/products/images/sports-accessories/Metal%20Baseball%20Bat/thumbnail.png',150),(151,'Tennis Ball','The Tennis Ball is a standard ball used in the sport of tennis. It is designed for bouncing and hitting with tennis rackets during matches or practice sessions.',6.99,0.14,4.77,99,NULL,3,27.82,27.05,28.32,'5 year warranty','Ships in 1 week','In Stock','https://cdn.dummyjson.com/products/images/sports-accessories/Tennis%20Ball/thumbnail.png',151),(152,'Tennis Racket','The Tennis Racket is an essential piece of equipment used in the sport of tennis. It features a frame with strings and a grip, allowing players to hit the tennis ball.',49.99,15.8,3.82,86,NULL,2,14.55,27.86,19.37,'6 months warranty','Ships in 2 weeks','In Stock','https://cdn.dummyjson.com/products/images/sports-accessories/Tennis%20Racket/thumbnail.png',152),(153,'Volleyball','The Volleyball is a standard ball used in the sport of volleyball. It is designed for passing, setting, and spiking over the net during volleyball matches.',11.99,2.2,4.08,0,NULL,6,10.73,17.62,16.97,'1 year warranty','Ships in 1 month','Out of Stock','https://cdn.dummyjson.com/products/images/sports-accessories/Volleyball/thumbnail.png',153),(154,'Black Sun Glasses','The Black Sun Glasses are a classic and stylish choice, featuring a sleek black frame and tinted lenses. They provide both UV protection and a fashionable look.',29.99,14.22,3.23,100,'Fashion Shades',3,14.41,22.93,9.36,'1 year warranty','Ships in 3-5 business days','In Stock','https://cdn.dummyjson.com/products/images/sunglasses/Black%20Sun%20Glasses/thumbnail.png',154),(155,'Classic Sun Glasses','The Classic Sun Glasses offer a timeless design with a neutral frame and UV-protected lenses. These sunglasses are versatile and suitable for various occasions.',24.99,15.67,2.99,100,'Fashion Shades',9,15.27,7.88,7.94,'1 week warranty','Ships in 3-5 business days','In Stock','https://cdn.dummyjson.com/products/images/sunglasses/Classic%20Sun%20Glasses/thumbnail.png',155),(156,'Green and Black Glasses','The Green and Black Glasses feature a bold combination of green and black colors, adding a touch of vibrancy to your eyewear collection. They are both stylish and eye-catching.',34.99,10.75,2.84,74,'Fashion Shades',9,10.62,22.49,28.91,'No warranty','Ships in 3-5 business days','In Stock','https://cdn.dummyjson.com/products/images/sunglasses/Green%20and%20Black%20Glasses/thumbnail.png',156),(157,'Party Glasses','The Party Glasses are designed to add flair to your party outfit. With unique shapes or colorful frames, they\'re perfect for adding a playful touch to your look during celebrations.',19.99,19.52,3.21,35,'Fashion Fun',1,17.04,25.52,12.34,'2 year warranty','Ships in 2 weeks','In Stock','https://cdn.dummyjson.com/products/images/sunglasses/Party%20Glasses/thumbnail.png',157),(158,'Sunglasses','The Sunglasses offer a classic and simple design with a focus on functionality. These sunglasses provide essential UV protection while maintaining a timeless look.',22.99,4.87,2.58,59,'Fashion Shades',6,8.15,28.81,8.4,'5 year warranty','Ships in 1-2 business days','In Stock','https://cdn.dummyjson.com/products/images/sunglasses/Sunglasses/thumbnail.png',158),(159,'iPad Mini 2021 Starlight','The iPad Mini 2021 in Starlight is a compact and powerful tablet from Apple. Featuring a stunning Retina display, powerful A-series chip, and a sleek design, it offers a premium tablet experience.',499.99,19.48,3.87,32,'Apple',3,24.9,11.83,17.08,'3 months warranty','Ships in 2 weeks','In Stock','https://cdn.dummyjson.com/products/images/tablets/iPad%20Mini%202021%20Starlight/thumbnail.png',159),(160,'Samsung Galaxy Tab S8 Plus Grey','The Samsung Galaxy Tab S8 Plus in Grey is a high-performance Android tablet by Samsung. With a large AMOLED display, powerful processor, and S Pen support, it\'s ideal for productivity and entertainment.',599.99,8.11,3.43,76,'Samsung',10,18.5,24.49,10.45,'6 months warranty','Ships in 1-2 business days','In Stock','https://cdn.dummyjson.com/products/images/tablets/Samsung%20Galaxy%20Tab%20S8%20Plus%20Grey/thumbnail.png',160),(161,'Samsung Galaxy Tab White','The Samsung Galaxy Tab in White is a sleek and versatile Android tablet. With a vibrant display, long-lasting battery, and a range of features, it offers a great user experience for various tasks.',349.99,4.82,3.7,0,'Samsung',8,12.42,10.22,23.37,'3 months warranty','Ships in 1-2 business days','Out of Stock','https://cdn.dummyjson.com/products/images/tablets/Samsung%20Galaxy%20Tab%20White/thumbnail.png',161),(162,'Blue Frock','The Blue Frock is a charming and stylish dress for various occasions. With a vibrant blue color and a comfortable design, it adds a touch of elegance to your wardrobe.',29.99,9.37,3.57,37,NULL,2,22.85,26.97,12.29,'1 week warranty','Ships in 1 week','In Stock','https://cdn.dummyjson.com/products/images/tops/Blue%20Frock/thumbnail.png',162),(163,'Girl Summer Dress','The Girl Summer Dress is a cute and breezy dress designed for warm weather. With playful patterns and lightweight fabric, it\'s perfect for keeping cool and stylish during the summer.',19.99,6.42,2.67,20,NULL,3,8.02,5.01,20.55,'1 month warranty','Ships in 3-5 business days','In Stock','https://cdn.dummyjson.com/products/images/tops/Girl%20Summer%20Dress/thumbnail.png',163),(164,'Gray Dress','The Gray Dress is a versatile and chic option for various occasions. With a neutral gray color, it can be dressed up or down, making it a wardrobe staple for any fashion-forward individual.',34.99,9.32,3.49,81,NULL,5,13.86,19.2,8.64,'5 year warranty','Ships in 1-2 business days','In Stock','https://cdn.dummyjson.com/products/images/tops/Gray%20Dress/thumbnail.png',164),(165,'Short Frock','The Short Frock is a playful and trendy dress with a shorter length. Ideal for casual outings or special occasions, it combines style and comfort for a fashionable look.',24.99,9.47,4.63,19,NULL,8,24.35,8.49,5.89,'No warranty','Ships in 1-2 business days','In Stock','https://cdn.dummyjson.com/products/images/tops/Short%20Frock/thumbnail.png',165),(166,'Tartan Dress','The Tartan Dress features a classic tartan pattern, bringing a timeless and sophisticated touch to your wardrobe. Perfect for fall and winter, it adds a hint of traditional charm.',39.99,2.08,2.82,100,NULL,4,13,28.67,6.45,'3 months warranty','Ships overnight','In Stock','https://cdn.dummyjson.com/products/images/tops/Tartan%20Dress/thumbnail.png',166),(167,'300 Touring','The 300 Touring is a stylish and comfortable sedan, known for its luxurious features and smooth performance.',29000,7.15,4.56,53,'Chrysler',5,5.03,6.98,8.65,'3 year warranty','Ships overnight','In Stock','https://cdn.dummyjson.com/products/images/vehicle/300%20Touring/thumbnail.png',167),(168,'Charger SXT RWD','The Charger SXT RWD is a powerful and sporty rear-wheel-drive sedan, offering a blend of performance and practicality.',33000,2.27,2.92,85,'Dodge',8,27.01,11.43,23.25,'1 week warranty','Ships in 3-5 business days','In Stock','https://cdn.dummyjson.com/products/images/vehicle/Charger%20SXT%20RWD/thumbnail.png',168),(169,'Dodge Hornet GT Plus','The Dodge Hornet GT Plus is a compact and agile hatchback, perfect for urban driving with a touch of sportiness.',25000,14.26,3.93,81,'Dodge',10,14.26,20.05,14.21,'3 months warranty','Ships in 2 weeks','In Stock','https://cdn.dummyjson.com/products/images/vehicle/Dodge%20Hornet%20GT%20Plus/thumbnail.png',169),(170,'Durango SXT RWD','The Durango SXT RWD is a spacious and versatile SUV, known for its strong performance and family-friendly features.',37000,9.21,3.47,0,'Dodge',8,17.45,22.98,20.63,'1 year warranty','Ships in 1 week','Out of Stock','https://cdn.dummyjson.com/products/images/vehicle/Durango%20SXT%20RWD/thumbnail.png',170),(171,'Pacifica Touring','The Pacifica Touring is a stylish and well-equipped minivan, offering comfort and convenience for family journeys.',32000,6.89,2.96,22,'Chrysler',8,21.11,16.23,22.96,'2 year warranty','Ships in 1-2 business days','In Stock','https://cdn.dummyjson.com/products/images/vehicle/Pacifica%20Touring/thumbnail.png',171),(172,'Blue Women\'s Handbag','The Blue Women\'s Handbag is a stylish and spacious accessory for everyday use. With a vibrant blue color and multiple compartments, it combines fashion and functionality.',49.99,5.24,3.37,76,'Fashionista',2,16.06,14.91,28.61,'Lifetime warranty','Ships in 1 month','In Stock','https://cdn.dummyjson.com/products/images/womens-bags/Blue%20Women\'s%20Handbag/thumbnail.png',172),(173,'Heshe Women\'s Leather Bag','The Heshe Women\'s Leather Bag is a luxurious and high-quality leather bag for the sophisticated woman. With a timeless design and durable craftsmanship, it\'s a versatile accessory.',129.99,7.74,2.62,9,'Heshe',5,24.49,10.88,8.35,'1 year warranty','Ships in 1 month','In Stock','https://cdn.dummyjson.com/products/images/womens-bags/Heshe%20Women\'s%20Leather%20Bag/thumbnail.png',173),(174,'Prada Women Bag','The Prada Women Bag is an iconic designer bag that exudes elegance and luxury. Crafted with precision and featuring the Prada logo, it\'s a statement piece for fashion enthusiasts.',599.99,18.3,3.52,43,'Prada',4,23.45,16.1,5.78,'1 week warranty','Ships overnight','In Stock','https://cdn.dummyjson.com/products/images/womens-bags/Prada%20Women%20Bag/thumbnail.png',174),(175,'White Faux Leather Backpack','The White Faux Leather Backpack is a trendy and practical backpack for the modern woman. With a sleek white design and ample storage space, it\'s perfect for both casual and on-the-go styles.',39.99,7.76,4.91,89,'Urban Chic',1,9.35,22.43,15.63,'1 month warranty','Ships overnight','In Stock','https://cdn.dummyjson.com/products/images/womens-bags/White%20Faux%20Leather%20Backpack/thumbnail.png',175),(176,'Women Handbag Black','The Women Handbag in Black is a classic and versatile accessory that complements various outfits. With a timeless black color and functional design, it\'s a must-have in every woman\'s wardrobe.',59.99,3.08,4.94,24,'Elegance Collection',1,15.31,26.35,24.69,'Lifetime warranty','Ships overnight','In Stock','https://cdn.dummyjson.com/products/images/womens-bags/Women%20Handbag%20Black/thumbnail.png',176),(177,'Black Women\'s Gown','The Black Women\'s Gown is an elegant and timeless evening gown. With a sleek black design, it\'s perfect for formal events and special occasions, exuding sophistication and style.',129.99,5.86,4.77,59,NULL,7,22.4,22.15,21.87,'Lifetime warranty','Ships in 1 month','In Stock','https://cdn.dummyjson.com/products/images/womens-dresses/Black%20Women\'s%20Gown/thumbnail.png',177),(178,'Corset Leather With Skirt','The Corset Leather With Skirt is a bold and edgy ensemble that combines a stylish corset with a matching skirt. Ideal for fashion-forward individuals, it makes a statement at any event.',89.99,19.26,2.52,59,NULL,1,19.1,27.47,29.95,'6 months warranty','Ships overnight','In Stock','https://cdn.dummyjson.com/products/images/womens-dresses/Corset%20Leather%20With%20Skirt/thumbnail.png',178),(179,'Corset With Black Skirt','The Corset With Black Skirt is a chic and versatile outfit that pairs a fashionable corset with a classic black skirt. It offers a trendy and coordinated look for various occasions.',79.99,14.61,3,67,NULL,6,9.79,26.72,14.21,'Lifetime warranty','Ships in 2 weeks','In Stock','https://cdn.dummyjson.com/products/images/womens-dresses/Corset%20With%20Black%20Skirt/thumbnail.png',179),(180,'Dress Pea','The Dress Pea is a stylish and comfortable dress with a pea pattern. Perfect for casual outings, it adds a playful and fun element to your wardrobe, making it a great choice for day-to-day wear.',49.99,9.81,2.92,29,NULL,7,22.66,19.32,6.3,'6 months warranty','Ships in 1 month','In Stock','https://cdn.dummyjson.com/products/images/womens-dresses/Dress%20Pea/thumbnail.png',180),(181,'Marni Red & Black Suit','The Marni Red & Black Suit is a sophisticated and fashion-forward suit ensemble. With a combination of red and black tones, it showcases a modern design for a bold and confident look.',179.99,15.4,4.17,15,NULL,4,24.67,16.15,14.69,'No warranty','Ships overnight','In Stock','https://cdn.dummyjson.com/products/images/womens-dresses/Marni%20Red%20&%20Black%20Suit/thumbnail.png',181),(182,'Green Crystal Earring','The Green Crystal Earring is a dazzling accessory that features a vibrant green crystal. With a classic design, it adds a touch of elegance to your ensemble, perfect for formal or special occasions.',29.99,2.58,2.94,1,NULL,10,19.73,14.54,15.92,'3 year warranty','Ships in 1 month','Low Stock','https://cdn.dummyjson.com/products/images/womens-jewellery/Green%20Crystal%20Earring/thumbnail.png',182),(183,'Green Oval Earring','The Green Oval Earring is a stylish and versatile accessory with a unique oval shape. Whether for casual or dressy occasions, its green hue and contemporary design make it a standout piece.',24.99,0.64,2.54,89,NULL,8,28.22,18.32,11.64,'3 months warranty','Ships in 3-5 business days','In Stock','https://cdn.dummyjson.com/products/images/womens-jewellery/Green%20Oval%20Earring/thumbnail.png',183),(184,'Tropical Earring','The Tropical Earring is a fun and playful accessory inspired by tropical elements. Featuring vibrant colors and a lively design, it\'s perfect for adding a touch of summer to your look.',19.99,12.31,3.32,76,NULL,9,25.36,29.46,15.58,'3 year warranty','Ships in 1 month','In Stock','https://cdn.dummyjson.com/products/images/womens-jewellery/Tropical%20Earring/thumbnail.png',184),(185,'Black & Brown Slipper','The Black & Brown Slipper is a comfortable and stylish choice for casual wear. Featuring a blend of black and brown colors, it adds a touch of sophistication to your relaxation.',19.99,13.62,4.13,80,'Comfort Trends',9,9.73,15.4,6.3,'2 year warranty','Ships in 1-2 business days','In Stock','https://cdn.dummyjson.com/products/images/womens-shoes/Black%20&%20Brown%20Slipper/thumbnail.png',185),(186,'Calvin Klein Heel Shoes','Calvin Klein Heel Shoes are elegant and sophisticated, designed for formal occasions. With a classic design and high-quality materials, they complement your stylish ensemble.',79.99,11.39,4.06,99,'Calvin Klein',1,15.41,18.83,18.69,'1 week warranty','Ships in 3-5 business days','In Stock','https://cdn.dummyjson.com/products/images/womens-shoes/Calvin%20Klein%20Heel%20Shoes/thumbnail.png',186),(187,'Golden Shoes Woman','The Golden Shoes for Women are a glamorous choice for special occasions. Featuring a golden hue and stylish design, they add a touch of luxury to your outfit.',49.99,14.93,4.82,99,'Fashion Diva',3,15.32,27.84,21.06,'5 year warranty','Ships in 1-2 business days','In Stock','https://cdn.dummyjson.com/products/images/womens-shoes/Golden%20Shoes%20Woman/thumbnail.png',187),(188,'Pampi Shoes','Pampi Shoes offer a blend of comfort and style for everyday use. With a versatile design, they are suitable for various casual occasions, providing a trendy and relaxed look.',29.99,0.3,3.01,36,'Pampi',3,22.13,23.43,28.61,'2 year warranty','Ships in 1 week','In Stock','https://cdn.dummyjson.com/products/images/womens-shoes/Pampi%20Shoes/thumbnail.png',188),(189,'Red Shoes','The Red Shoes make a bold statement with their vibrant red color. Whether for a party or a casual outing, these shoes add a pop of color and style to your wardrobe.',34.99,0.01,4.23,53,'Fashion Express',5,29.75,12.3,26.41,'1 month warranty','Ships overnight','In Stock','https://cdn.dummyjson.com/products/images/womens-shoes/Red%20Shoes/thumbnail.png',189),(190,'IWC Ingenieur Automatic Steel','The IWC Ingenieur Automatic Steel watch is a durable and sophisticated timepiece. With a stainless steel case and automatic movement, it combines precision and style for watch enthusiasts.',4999.99,5.76,2.58,85,'IWC',4,12.27,5.91,8.71,'5 year warranty','Ships in 1 week','In Stock','https://cdn.dummyjson.com/products/images/womens-watches/IWC%20Ingenieur%20Automatic%20Steel/thumbnail.png',190),(191,'Rolex Cellini Moonphase','The Rolex Cellini Moonphase watch is a masterpiece of horology. Featuring a moon phase complication, it showcases the craftsmanship and elegance that Rolex is renowned for.',16000,18.76,3.41,66,'Rolex',5,22.54,20.15,25.37,'2 year warranty','Ships in 1-2 business days','In Stock','https://cdn.dummyjson.com/products/images/womens-watches/Rolex%20Cellini%20Moonphase/thumbnail.png',191),(192,'Rolex Datejust Women','The Rolex Datejust Women\'s watch is an iconic timepiece designed for women. With a timeless design and a date complication, it offers both elegance and functionality.',11000,17.72,3.53,31,'Rolex',8,14.53,29.73,10.22,'6 months warranty','Ships in 3-5 business days','In Stock','https://cdn.dummyjson.com/products/images/womens-watches/Rolex%20Datejust%20Women/thumbnail.png',192),(193,'Watch Gold for Women','The Gold Women\'s Watch is a stunning accessory that combines luxury and style. Featuring a gold-plated case and a chic design, it adds a touch of glamour to any outfit.',799.99,6.37,3.03,94,'Fashion Gold',8,5.9,13.64,23.65,'2 year warranty','Ships in 1 month','In Stock','https://cdn.dummyjson.com/products/images/womens-watches/Watch%20Gold%20for%20Women/thumbnail.png',193),(194,'Women\'s Wrist Watch','The Women\'s Wrist Watch is a versatile and fashionable timepiece for everyday wear. With a comfortable strap and a simple yet elegant design, it complements various styles.',129.99,17.34,2.93,55,'Fashion Co.',8,24.74,25.89,8.18,'1 month warranty','Ships in 3-5 business days','In Stock','https://cdn.dummyjson.com/products/images/womens-watches/Women\'s%20Wrist%20Watch/thumbnail.png',194);
/*!40000 ALTER TABLE `products` ENABLE KEYS */;
UNLOCK TABLES;

--
-- Table structure for table `reviewproduct`
--

DROP TABLE IF EXISTS `reviewproduct`;
/*!40101 SET @saved_cs_client     = @@character_set_client */;
/*!50503 SET character_set_client = utf8mb4 */;
CREATE TABLE `reviewproduct` (
  `ID` int NOT NULL AUTO_INCREMENT,
  `idreview` int DEFAULT NULL,
  `idproduct` int DEFAULT NULL,
  PRIMARY KEY (`ID`)
) ENGINE=InnoDB AUTO_INCREMENT=583 DEFAULT CHARSET=utf8mb4 COLLATE=utf8mb4_0900_ai_ci;
/*!40101 SET character_set_client = @saved_cs_client */;

--
-- Dumping data for table `reviewproduct`
--

LOCK TABLES `reviewproduct` WRITE;
/*!40000 ALTER TABLE `reviewproduct` DISABLE KEYS */;
INSERT INTO `reviewproduct` VALUES (1,1,1),(2,2,1),(3,3,1),(4,4,2),(5,5,2),(6,6,2),(7,7,3),(8,8,3),(9,9,3),(10,10,4),(11,11,4),(12,12,4),(13,13,5),(14,14,5),(15,15,5),(16,16,6),(17,17,6),(18,18,6),(19,19,7),(20,20,7),(21,21,7),(22,22,8),(23,23,8),(24,24,8),(25,25,9),(26,26,9),(27,27,9),(28,28,10),(29,29,10),(30,30,10),(31,31,11),(32,32,11),(33,33,11),(34,34,12),(35,35,12),(36,36,12),(37,37,13),(38,38,13),(39,39,13),(40,40,14),(41,41,14),(42,42,14),(43,43,15),(44,44,15),(45,45,15),(46,46,16),(47,47,16),(48,48,16),(49,49,17),(50,50,17),(51,51,17),(52,52,18),(53,53,18),(54,54,18),(55,55,19),(56,56,19),(57,57,19),(58,58,20),(59,59,20),(60,60,20),(61,61,21),(62,62,21),(63,63,21),(64,64,22),(65,65,22),(66,66,22),(67,67,23),(68,68,23),(69,69,23),(70,70,24),(71,71,24),(72,72,24),(73,73,25),(74,74,25),(75,75,25),(76,76,26),(77,77,26),(78,78,26),(79,79,27),(80,80,27),(81,81,27),(82,82,28),(83,83,28),(84,84,28),(85,85,29),(86,86,29),(87,87,29),(88,88,30),(89,89,30),(90,90,30),(91,91,31),(92,92,31),(93,93,31),(94,94,32),(95,95,32),(96,96,32),(97,97,33),(98,98,33),(99,99,33),(100,100,34),(101,101,34),(102,102,34),(103,103,35),(104,104,35),(105,105,35),(106,106,36),(107,107,36),(108,108,36),(109,109,37),(110,110,37),(111,111,37),(112,112,38),(113,113,38),(114,114,38),(115,115,39),(116,116,39),(117,117,39),(118,118,40),(119,119,40),(120,120,40),(121,121,41),(122,122,41),(123,123,41),(124,124,42),(125,125,42),(126,126,42),(127,127,43),(128,128,43),(129,129,43),(130,130,44),(131,131,44),(132,132,44),(133,133,45),(134,134,45),(135,135,45),(136,136,46),(137,137,46),(138,138,46),(139,139,47),(140,140,47),(141,141,47),(142,142,48),(143,143,48),(144,144,48),(145,145,49),(146,146,49),(147,147,49),(148,148,50),(149,149,50),(150,150,50),(151,151,51),(152,152,51),(153,153,51),(154,154,52),(155,155,52),(156,156,52),(157,157,53),(158,158,53),(159,159,53),(160,160,54),(161,161,54),(162,162,54),(163,163,55),(164,164,55),(165,165,55),(166,166,56),(167,167,56),(168,168,56),(169,169,57),(170,170,57),(171,171,57),(172,172,58),(173,173,58),(174,174,58),(175,175,59),(176,176,59),(177,177,59),(178,178,60),(179,179,60),(180,180,60),(181,181,61),(182,182,61),(183,183,61),(184,184,62),(185,185,62),(186,186,62),(187,187,63),(188,188,63),(189,189,63),(190,190,64),(191,191,64),(192,192,64),(193,193,65),(194,194,65),(195,195,65),(196,196,66),(197,197,66),(198,198,66),(199,199,67),(200,200,67),(201,201,67),(202,202,68),(203,203,68),(204,204,68),(205,205,69),(206,206,69),(207,207,69),(208,208,70),(209,209,70),(210,210,70),(211,211,71),(212,212,71),(213,213,71),(214,214,72),(215,215,72),(216,216,72),(217,217,73),(218,218,73),(219,219,73),(220,220,74),(221,221,74),(222,222,74),(223,223,75),(224,224,75),(225,225,75),(226,226,76),(227,227,76),(228,228,76),(229,229,77),(230,230,77),(231,231,77),(232,232,78),(233,233,78),(234,234,78),(235,235,79),(236,236,79),(237,237,79),(238,238,80),(239,239,80),(240,240,80),(241,241,81),(242,242,81),(243,243,81),(244,244,82),(245,245,82),(246,246,82),(247,247,83),(248,248,83),(249,249,83),(250,250,84),(251,251,84),(252,252,84),(253,253,85),(254,254,85),(255,255,85),(256,256,86),(257,257,86),(258,258,86),(259,259,87),(260,260,87),(261,261,87),(262,262,88),(263,263,88),(264,264,88),(265,265,89),(266,266,89),(267,267,89),(268,268,90),(269,269,90),(270,270,90),(271,271,91),(272,272,91),(273,273,91),(274,274,92),(275,275,92),(276,276,92),(277,277,93),(278,278,93),(279,279,93),(280,280,94),(281,281,94),(282,282,94),(283,283,95),(284,284,95),(285,285,95),(286,286,96),(287,287,96),(288,288,96),(289,289,97),(290,290,97),(291,291,97),(292,292,98),(293,293,98),(294,294,98),(295,295,99),(296,296,99),(297,297,99),(298,298,100),(299,299,100),(300,300,100),(301,301,101),(302,302,101),(303,303,101),(304,304,102),(305,305,102),(306,306,102),(307,307,103),(308,308,103),(309,309,103),(310,310,104),(311,311,104),(312,312,104),(313,313,105),(314,314,105),(315,315,105),(316,316,106),(317,317,106),(318,318,106),(319,319,107),(320,320,107),(321,321,107),(322,322,108),(323,323,108),(324,324,108),(325,325,109),(326,326,109),(327,327,109),(328,328,110),(329,329,110),(330,330,110),(331,331,111),(332,332,111),(333,333,111),(334,334,112),(335,335,112),(336,336,112),(337,337,113),(338,338,113),(339,339,113),(340,340,114),(341,341,114),(342,342,114),(343,343,115),(344,344,115),(345,345,115),(346,346,116),(347,347,116),(348,348,116),(349,349,117),(350,350,117),(351,351,117),(352,352,118),(353,353,118),(354,354,118),(355,355,119),(356,356,119),(357,357,119),(358,358,120),(359,359,120),(360,360,120),(361,361,121),(362,362,121),(363,363,121),(364,364,122),(365,365,122),(366,366,122),(367,367,123),(368,368,123),(369,369,123),(370,370,124),(371,371,124),(372,372,124),(373,373,125),(374,374,125),(375,375,125),(376,376,126),(377,377,126),(378,378,126),(379,379,127),(380,380,127),(381,381,127),(382,382,128),(383,383,128),(384,384,128),(385,385,129),(386,386,129),(387,387,129),(388,388,130),(389,389,130),(390,390,130),(391,391,131),(392,392,131),(393,393,131),(394,394,132),(395,395,132),(396,396,132),(397,397,133),(398,398,133),(399,399,133),(400,400,134),(401,401,134),(402,402,134),(403,403,135),(404,404,135),(405,405,135),(406,406,136),(407,407,136),(408,408,136),(409,409,137),(410,410,137),(411,411,137),(412,412,138),(413,413,138),(414,414,138),(415,415,139),(416,416,139),(417,417,139),(418,418,140),(419,419,140),(420,420,140),(421,421,141),(422,422,141),(423,423,141),(424,424,142),(425,425,142),(426,426,142),(427,427,143),(428,428,143),(429,429,143),(430,430,144),(431,431,144),(432,432,144),(433,433,145),(434,434,145),(435,435,145),(436,436,146),(437,437,146),(438,438,146),(439,439,147),(440,440,147),(441,441,147),(442,442,148),(443,443,148),(444,444,148),(445,445,149),(446,446,149),(447,447,149),(448,448,150),(449,449,150),(450,450,150),(451,451,151),(452,452,151),(453,453,151),(454,454,152),(455,455,152),(456,456,152),(457,457,153),(458,458,153),(459,459,153),(460,460,154),(461,461,154),(462,462,154),(463,463,155),(464,464,155),(465,465,155),(466,466,156),(467,467,156),(468,468,156),(469,469,157),(470,470,157),(471,471,157),(472,472,158),(473,473,158),(474,474,158),(475,475,159),(476,476,159),(477,477,159),(478,478,160),(479,479,160),(480,480,160),(481,481,161),(482,482,161),(483,483,161),(484,484,162),(485,485,162),(486,486,162),(487,487,163),(488,488,163),(489,489,163),(490,490,164),(491,491,164),(492,492,164),(493,493,165),(494,494,165),(495,495,165),(496,496,166),(497,497,166),(498,498,166),(499,499,167),(500,500,167),(501,501,167),(502,502,168),(503,503,168),(504,504,168),(505,505,169),(506,506,169),(507,507,169),(508,508,170),(509,509,170),(510,510,170),(511,511,171),(512,512,171),(513,513,171),(514,514,172),(515,515,172),(516,516,172),(517,517,173),(518,518,173),(519,519,173),(520,520,174),(521,521,174),(522,522,174),(523,523,175),(524,524,175),(525,525,175),(526,526,176),(527,527,176),(528,528,176),(529,529,177),(530,530,177),(531,531,177),(532,532,178),(533,533,178),(534,534,178),(535,535,179),(536,536,179),(537,537,179),(538,538,180),(539,539,180),(540,540,180),(541,541,181),(542,542,181),(543,543,181),(544,544,182),(545,545,182),(546,546,182),(547,547,183),(548,548,183),(549,549,183),(550,550,184),(551,551,184),(552,552,184),(553,553,185),(554,554,185),(555,555,185),(556,556,186),(557,557,186),(558,558,186),(559,559,187),(560,560,187),(561,561,187),(562,562,188),(563,563,188),(564,564,188),(565,565,189),(566,566,189),(567,567,189),(568,568,190),(569,569,190),(570,570,190),(571,571,191),(572,572,191),(573,573,191),(574,574,192),(575,575,192),(576,576,192),(577,577,193),(578,578,193),(579,579,193),(580,580,194),(581,581,194),(582,582,194);
/*!40000 ALTER TABLE `reviewproduct` ENABLE KEYS */;
UNLOCK TABLES;

--
-- Table structure for table `reviews`
--

DROP TABLE IF EXISTS `reviews`;
/*!40101 SET @saved_cs_client     = @@character_set_client */;
/*!50503 SET character_set_client = utf8mb4 */;
CREATE TABLE `reviews` (
  `ID` int NOT NULL AUTO_INCREMENT,
  `comment` varchar(120) DEFAULT NULL,
  `date` datetime DEFAULT NULL,
  `rating` int DEFAULT NULL,
  PRIMARY KEY (`ID`)
) ENGINE=InnoDB AUTO_INCREMENT=583 DEFAULT CHARSET=utf8mb4 COLLATE=utf8mb4_0900_ai_ci;
/*!40101 SET character_set_client = @saved_cs_client */;

--
-- Dumping data for table `reviews`
--

LOCK TABLES `reviews` WRITE;
/*!40000 ALTER TABLE `reviews` DISABLE KEYS */;
INSERT INTO `reviews` VALUES (1,'Very unhappy with my purchase!','2024-05-23 08:56:21',2),(2,'Not as described!','2024-05-23 08:56:21',2),(3,'Very satisfied!','2024-05-23 08:56:21',5),(4,'Very satisfied!','2024-05-23 08:56:21',4),(5,'Very disappointed!','2024-05-23 08:56:21',1),(6,'Highly impressed!','2024-05-23 08:56:21',5),(7,'Very happy with my purchase!','2024-05-23 08:56:21',5),(8,'Great value for money!','2024-05-23 08:56:21',4),(9,'Highly impressed!','2024-05-23 08:56:21',5),(10,'Great product!','2024-05-23 08:56:21',5),(11,'Very pleased!','2024-05-23 08:56:21',4),(12,'Very pleased!','2024-05-23 08:56:21',5),(13,'Very pleased!','2024-05-23 08:56:21',5),(14,'Great product!','2024-05-23 08:56:21',5),(15,'Highly recommended!','2024-05-23 08:56:21',4),(16,'Great value for money!','2024-05-23 08:56:21',5),(17,'Very disappointed!','2024-05-23 08:56:21',3),(18,'Poor quality!','2024-05-23 08:56:21',1),(19,'Disappointing product!','2024-05-23 08:56:21',1),(20,'Great product!','2024-05-23 08:56:21',4),(21,'Excellent quality!','2024-05-23 08:56:21',4),(22,'Fast shipping!','2024-05-23 08:56:21',5),(23,'Excellent quality!','2024-05-23 08:56:21',4),(24,'Would buy again!','2024-05-23 08:56:21',4),(25,'Very satisfied!','2024-05-23 08:56:21',4),(26,'Poor quality!','2024-05-23 08:56:21',1),(27,'Very happy with my purchase!','2024-05-23 08:56:21',5),(28,'Great value for money!','2024-05-23 08:56:21',5),(29,'Excellent quality!','2024-05-23 08:56:21',4),(30,'Fast shipping!','2024-05-23 08:56:21',4),(31,'Great value for money!','2024-05-23 08:56:21',4),(32,'Would buy again!','2024-05-23 08:56:21',5),(33,'Would buy again!','2024-05-23 08:56:21',4),(34,'Very satisfied!','2024-05-23 08:56:21',5),(35,'Excellent quality!','2024-05-23 08:56:21',5),(36,'Waste of money!','2024-05-23 08:56:21',3),(37,'Very happy with my purchase!','2024-05-23 08:56:21',5),(38,'Highly recommended!','2024-05-23 08:56:21',4),(39,'Very pleased!','2024-05-23 08:56:21',4),(40,'Very happy with my purchase!','2024-05-23 08:56:21',4),(41,'Would buy again!','2024-05-23 08:56:21',4),(42,'Waste of money!','2024-05-23 08:56:21',2),(43,'Highly recommended!','2024-05-23 08:56:21',5),(44,'Would not recommend!','2024-05-23 08:56:21',1),(45,'Not worth the price!','2024-05-23 08:56:21',2),(46,'Great product!','2024-05-23 08:56:21',4),(47,'Great product!','2024-05-23 08:56:21',4),(48,'Not as described!','2024-05-23 08:56:21',1),(49,'Very pleased!','2024-05-23 08:56:21',4),(50,'Disappointing product!','2024-05-23 08:56:21',3),(51,'Very happy with my purchase!','2024-05-23 08:56:21',4),(52,'Very pleased!','2024-05-23 08:56:21',5),(53,'Very pleased!','2024-05-23 08:56:21',5),(54,'Great value for money!','2024-05-23 08:56:21',5),(55,'Very satisfied!','2024-05-23 08:56:21',5),(56,'Great value for money!','2024-05-23 08:56:21',5),(57,'Highly recommended!','2024-05-23 08:56:21',4),(58,'Would buy again!','2024-05-23 08:56:21',5),(59,'Poor quality!','2024-05-23 08:56:21',3),(60,'Would buy again!','2024-05-23 08:56:21',5),(61,'Very satisfied!','2024-05-23 08:56:21',4),(62,'Fast shipping!','2024-05-23 08:56:21',5),(63,'Excellent quality!','2024-05-23 08:56:21',4),(64,'Highly impressed!','2024-05-23 08:56:21',5),(65,'Highly recommended!','2024-05-23 08:56:21',4),(66,'Would buy again!','2024-05-23 08:56:21',4),(67,'Very unhappy with my purchase!','2024-05-23 08:56:21',2),(68,'Very happy with my purchase!','2024-05-23 08:56:21',4),(69,'Very happy with my purchase!','2024-05-23 08:56:21',5),(70,'Great value for money!','2024-05-23 08:56:21',5),(71,'Would buy again!','2024-05-23 08:56:21',4),(72,'Excellent quality!','2024-05-23 08:56:21',5),(73,'Excellent quality!','2024-05-23 08:56:21',4),(74,'Would buy again!','2024-05-23 08:56:21',4),(75,'Would buy again!','2024-05-23 08:56:21',5),(76,'Disappointing product!','2024-05-23 08:56:21',2),(77,'Very pleased!','2024-05-23 08:56:21',5),(78,'Very satisfied!','2024-05-23 08:56:21',4),(79,'Fast shipping!','2024-05-23 08:56:21',4),(80,'Awesome product!','2024-05-23 08:56:21',5),(81,'Highly impressed!','2024-05-23 08:56:21',5),(82,'Great product!','2024-05-23 08:56:21',5),(83,'Highly impressed!','2024-05-23 08:56:21',5),(84,'Very happy with my purchase!','2024-05-23 08:56:21',5),(85,'Very satisfied!','2024-05-23 08:56:21',4),(86,'Not worth the price!','2024-05-23 08:56:21',2),(87,'Excellent quality!','2024-05-23 08:56:21',4),(88,'Very pleased!','2024-05-23 08:56:21',5),(89,'Very pleased!','2024-05-23 08:56:21',5),(90,'Great product!','2024-05-23 08:56:21',5),(91,'Highly recommended!','2024-05-23 08:56:21',4),(92,'Great product!','2024-05-23 08:56:21',5),(93,'Awesome product!','2024-05-23 08:56:21',4),(94,'Very pleased!','2024-05-23 08:56:21',5),(95,'Awesome product!','2024-05-23 08:56:21',5),(96,'Great value for money!','2024-05-23 08:56:21',4),(97,'Very satisfied!','2024-05-23 08:56:21',5),(98,'Not as described!','2024-05-23 08:56:21',1),(99,'Great product!','2024-05-23 08:56:21',5),(100,'Great product!','2024-05-23 08:56:21',4),(101,'Very pleased!','2024-05-23 08:56:21',4),(102,'Highly impressed!','2024-05-23 08:56:21',4),(103,'Very pleased!','2024-05-23 08:56:21',5),(104,'Would not recommend!','2024-05-23 08:56:21',1),(105,'Awesome product!','2024-05-23 08:56:21',5),(106,'Very dissatisfied!','2024-05-23 08:56:21',1),(107,'Poor quality!','2024-05-23 08:56:21',3),(108,'Very unhappy with my purchase!','2024-05-23 08:56:21',1),(109,'Very happy with my purchase!','2024-05-23 08:56:21',5),(110,'Would not recommend!','2024-05-23 08:56:21',2),(111,'Very dissatisfied!','2024-05-23 08:56:21',3),(112,'Highly impressed!','2024-05-23 08:56:21',5),(113,'Great value for money!','2024-05-23 08:56:21',4),(114,'Awesome product!','2024-05-23 08:56:21',4),(115,'Very dissatisfied!','2024-05-23 08:56:21',3),(116,'Highly impressed!','2024-05-23 08:56:21',4),(117,'Awesome product!','2024-05-23 08:56:21',4),(118,'Highly recommended!','2024-05-23 08:56:21',5),(119,'Great product!','2024-05-23 08:56:21',5),(120,'Disappointing product!','2024-05-23 08:56:21',1),(121,'Great product!','2024-05-23 08:56:21',4),(122,'Very pleased!','2024-05-23 08:56:21',5),(123,'Great product!','2024-05-23 08:56:21',5),(124,'Highly recommended!','2024-05-23 08:56:21',4),(125,'Great product!','2024-05-23 08:56:21',4),(126,'Great value for money!','2024-05-23 08:56:21',5),(127,'Highly recommended!','2024-05-23 08:56:21',5),(128,'Highly impressed!','2024-05-23 08:56:21',5),(129,'Great product!','2024-05-23 08:56:21',5),(130,'Disappointing product!','2024-05-23 08:56:21',1),(131,'Very pleased!','2024-05-23 08:56:21',4),(132,'Disappointing product!','2024-05-23 08:56:21',3),(133,'Great value for money!','2024-05-23 08:56:21',5),(134,'Very unhappy with my purchase!','2024-05-23 08:56:21',2),(135,'Highly recommended!','2024-05-23 08:56:21',5),(136,'Fast shipping!','2024-05-23 08:56:21',4),(137,'Awesome product!','2024-05-23 08:56:21',5),(138,'Highly recommended!','2024-05-23 08:56:21',4),(139,'Not worth the price!','2024-05-23 08:56:21',3),(140,'Very satisfied!','2024-05-23 08:56:21',5),(141,'Waste of money!','2024-05-23 08:56:21',1),(142,'Very happy with my purchase!','2024-05-23 08:56:21',4),(143,'Fast shipping!','2024-05-23 08:56:21',5),(144,'Great product!','2024-05-23 08:56:21',4),(145,'Great value for money!','2024-05-23 08:56:21',4),(146,'Waste of money!','2024-05-23 08:56:21',2),(147,'Would not recommend!','2024-05-23 08:56:21',2),(148,'Disappointing product!','2024-05-23 08:56:21',1),(149,'Would not buy again!','2024-05-23 08:56:21',3),(150,'Great value for money!','2024-05-23 08:56:21',4),(151,'Highly recommended!','2024-05-23 08:56:21',5),(152,'Very disappointed!','2024-05-23 08:56:21',1),(153,'Very satisfied!','2024-05-23 08:56:21',5),(154,'Highly impressed!','2024-05-23 08:56:21',4),(155,'Highly impressed!','2024-05-23 08:56:21',4),(156,'Highly recommended!','2024-05-23 08:56:21',4),(157,'Very disappointed!','2024-05-23 08:56:21',1),(158,'Fast shipping!','2024-05-23 08:56:21',5),(159,'Would buy again!','2024-05-23 08:56:21',4),(160,'Very satisfied!','2024-05-23 08:56:21',5),(161,'Very happy with my purchase!','2024-05-23 08:56:21',4),(162,'Not as described!','2024-05-23 08:56:21',1),(163,'Excellent quality!','2024-05-23 08:56:21',5),(164,'Very unhappy with my purchase!','2024-05-23 08:56:21',1),(165,'Great product!','2024-05-23 08:56:21',5),(166,'Great product!','2024-05-23 08:56:21',4),(167,'Awesome product!','2024-05-23 08:56:21',4),(168,'Very dissatisfied!','2024-05-23 08:56:21',2),(169,'Would buy again!','2024-05-23 08:56:21',4),(170,'Fast shipping!','2024-05-23 08:56:21',5),(171,'Excellent quality!','2024-05-23 08:56:21',5),(172,'Fast shipping!','2024-05-23 08:56:21',5),(173,'Excellent quality!','2024-05-23 08:56:21',4),(174,'Very unhappy with my purchase!','2024-05-23 08:56:21',1),(175,'Waste of money!','2024-05-23 08:56:21',1),(176,'Excellent quality!','2024-05-23 08:56:21',4),(177,'Very dissatisfied!','2024-05-23 08:56:21',2),(178,'Highly impressed!','2024-05-23 08:56:21',4),(179,'Awesome product!','2024-05-23 08:56:21',4),(180,'Great value for money!','2024-05-23 08:56:21',5),(181,'Highly recommended!','2024-05-23 08:56:21',4),(182,'Very pleased!','2024-05-23 08:56:21',5),(183,'Highly impressed!','2024-05-23 08:56:21',5),(184,'Excellent quality!','2024-05-23 08:56:21',5),(185,'Very happy with my purchase!','2024-05-23 08:56:21',4),(186,'Highly impressed!','2024-05-23 08:56:21',4),(187,'Awesome product!','2024-05-23 08:56:21',4),(188,'Great product!','2024-05-23 08:56:21',5),(189,'Great value for money!','2024-05-23 08:56:21',4),(190,'Great product!','2024-05-23 08:56:21',5),(191,'Awesome product!','2024-05-23 08:56:21',4),(192,'Excellent quality!','2024-05-23 08:56:21',5),(193,'Great product!','2024-05-23 08:56:21',5),(194,'Excellent quality!','2024-05-23 08:56:21',4),(195,'Very happy with my purchase!','2024-05-23 08:56:21',4),(196,'Would buy again!','2024-05-23 08:56:21',5),(197,'Highly impressed!','2024-05-23 08:56:21',4),(198,'Awesome product!','2024-05-23 08:56:21',5),(199,'Not as described!','2024-05-23 08:56:21',3),(200,'Would not recommend!','2024-05-23 08:56:21',1),(201,'Not worth the price!','2024-05-23 08:56:21',1),(202,'Excellent quality!','2024-05-23 08:56:21',4),(203,'Awesome product!','2024-05-23 08:56:21',4),(204,'Very happy with my purchase!','2024-05-23 08:56:21',5),(205,'Poor quality!','2024-05-23 08:56:21',3),(206,'Great value for money!','2024-05-23 08:56:21',5),(207,'Very disappointed!','2024-05-23 08:56:21',1),(208,'Would not recommend!','2024-05-23 08:56:21',2),(209,'Great product!','2024-05-23 08:56:21',5),(210,'Great value for money!','2024-05-23 08:56:21',4),(211,'Highly impressed!','2024-05-23 08:56:21',5),(212,'Not worth the price!','2024-05-23 08:56:21',3),(213,'Excellent quality!','2024-05-23 08:56:21',4),(214,'Great value for money!','2024-05-23 08:56:21',4),(215,'Very happy with my purchase!','2024-05-23 08:56:21',5),(216,'Very happy with my purchase!','2024-05-23 08:56:21',5),(217,'Fast shipping!','2024-05-23 08:56:21',4),(218,'Great product!','2024-05-23 08:56:21',5),(219,'Very happy with my purchase!','2024-05-23 08:56:21',5),(220,'Very happy with my purchase!','2024-05-23 08:56:21',5),(221,'Great product!','2024-05-23 08:56:21',5),(222,'Great value for money!','2024-05-23 08:56:21',5),(223,'Great product!','2024-05-23 08:56:21',4),(224,'Not worth the price!','2024-05-23 08:56:21',3),(225,'Excellent quality!','2024-05-23 08:56:21',4),(226,'Great product!','2024-05-23 08:56:21',4),(227,'Would not recommend!','2024-05-23 08:56:21',1),(228,'Excellent quality!','2024-05-23 08:56:21',4),(229,'Highly impressed!','2024-05-23 08:56:21',5),(230,'Highly impressed!','2024-05-23 08:56:21',5),(231,'Very happy with my purchase!','2024-05-23 08:56:21',5),(232,'Would buy again!','2024-05-23 08:56:21',5),(233,'Would buy again!','2024-05-23 08:56:21',5),(234,'Very pleased!','2024-05-23 08:56:21',5),(235,'Very satisfied!','2024-05-23 08:56:21',5),(236,'Very disappointed!','2024-05-23 08:56:21',1),(237,'Great value for money!','2024-05-23 08:56:21',5),(238,'Great value for money!','2024-05-23 08:56:21',4),(239,'Would not buy again!','2024-05-23 08:56:21',2),(240,'Very satisfied!','2024-05-23 08:56:21',5),(241,'Very happy with my purchase!','2024-05-23 08:56:21',4),(242,'Very pleased!','2024-05-23 08:56:21',4),(243,'Great product!','2024-05-23 08:56:21',4),(244,'Very disappointed!','2024-05-23 08:56:21',3),(245,'Very pleased!','2024-05-23 08:56:21',4),(246,'Great product!','2024-05-23 08:56:21',5),(247,'Highly recommended!','2024-05-23 08:56:21',4),(248,'Highly impressed!','2024-05-23 08:56:21',5),(249,'Fast shipping!','2024-05-23 08:56:21',5),(250,'Highly recommended!','2024-05-23 08:56:21',4),(251,'Great value for money!','2024-05-23 08:56:21',4),(252,'Great value for money!','2024-05-23 08:56:21',5),(253,'Would not buy again!','2024-05-23 08:56:21',3),(254,'Very disappointed!','2024-05-23 08:56:21',1),(255,'Awesome product!','2024-05-23 08:56:21',4),(256,'Great value for money!','2024-05-23 08:56:21',5),(257,'Disappointing product!','2024-05-23 08:56:21',1),(258,'Great product!','2024-05-23 08:56:21',4),(259,'Would not buy again!','2024-05-23 08:56:21',1),(260,'Very dissatisfied!','2024-05-23 08:56:21',1),(261,'Great product!','2024-05-23 08:56:21',4),(262,'Very unhappy with my purchase!','2024-05-23 08:56:21',2),(263,'Great product!','2024-05-23 08:56:21',4),(264,'Fast shipping!','2024-05-23 08:56:21',5),(265,'Very happy with my purchase!','2024-05-23 08:56:21',5),(266,'Not worth the price!','2024-05-23 08:56:21',2),(267,'Very satisfied!','2024-05-23 08:56:21',4),(268,'Very happy with my purchase!','2024-05-23 08:56:21',5),(269,'Awesome product!','2024-05-23 08:56:21',4),(270,'Very satisfied!','2024-05-23 08:56:21',4),(271,'Not worth the price!','2024-05-23 08:56:21',3),(272,'Very unhappy with my purchase!','2024-05-23 08:56:21',1),(273,'Excellent quality!','2024-05-23 08:56:21',4),(274,'Fast shipping!','2024-05-23 08:56:21',5),(275,'Awesome product!','2024-05-23 08:56:21',5),(276,'Very pleased!','2024-05-23 08:56:21',4),(277,'Very dissatisfied!','2024-05-23 08:56:21',3),(278,'Fast shipping!','2024-05-23 08:56:21',4),(279,'Highly impressed!','2024-05-23 08:56:21',4),(280,'Great product!','2024-05-23 08:56:21',4),(281,'Highly recommended!','2024-05-23 08:56:21',4),(282,'Highly impressed!','2024-05-23 08:56:21',4),(283,'Very pleased!','2024-05-23 08:56:21',5),(284,'Highly impressed!','2024-05-23 08:56:21',4),(285,'Would buy again!','2024-05-23 08:56:21',4),(286,'Very happy with my purchase!','2024-05-23 08:56:21',4),(287,'Very satisfied!','2024-05-23 08:56:21',5),(288,'Very satisfied!','2024-05-23 08:56:21',4),(289,'Highly impressed!','2024-05-23 08:56:21',5),(290,'Would buy again!','2024-05-23 08:56:21',4),(291,'Awesome product!','2024-05-23 08:56:21',4),(292,'Very dissatisfied!','2024-05-23 08:56:21',2),(293,'Highly impressed!','2024-05-23 08:56:21',5),(294,'Would not recommend!','2024-05-23 08:56:21',2),(295,'Highly recommended!','2024-05-23 08:56:21',4),(296,'Fast shipping!','2024-05-23 08:56:21',4),(297,'Very pleased!','2024-05-23 08:56:21',4),(298,'Waste of money!','2024-05-23 08:56:21',3),(299,'Waste of money!','2024-05-23 08:56:21',2),(300,'Not worth the price!','2024-05-23 08:56:21',3),(301,'Waste of money!','2024-05-23 08:56:21',1),(302,'Not as described!','2024-05-23 08:56:21',3),(303,'Excellent quality!','2024-05-23 08:56:21',5),(304,'Awesome product!','2024-05-23 08:56:21',5),(305,'Very pleased!','2024-05-23 08:56:21',4),(306,'Very pleased!','2024-05-23 08:56:21',5),(307,'Very dissatisfied!','2024-05-23 08:56:21',3),(308,'Very unhappy with my purchase!','2024-05-23 08:56:21',1),(309,'Would buy again!','2024-05-23 08:56:21',4),(310,'Very satisfied!','2024-05-23 08:56:21',5),(311,'Very pleased!','2024-05-23 08:56:21',4),(312,'Highly recommended!','2024-05-23 08:56:21',5),(313,'Very pleased!','2024-05-23 08:56:21',5),(314,'Very satisfied!','2024-05-23 08:56:21',5),(315,'Very pleased!','2024-05-23 08:56:21',5),(316,'Would not buy again!','2024-05-23 08:56:21',3),(317,'Poor quality!','2024-05-23 08:56:21',1),(318,'Fast shipping!','2024-05-23 08:56:21',4),(319,'Very satisfied!','2024-05-23 08:56:21',5),(320,'Awesome product!','2024-05-23 08:56:21',4),(321,'Very satisfied!','2024-05-23 08:56:21',5),(322,'Very disappointed!','2024-05-23 08:56:21',1),(323,'Would not recommend!','2024-05-23 08:56:21',1),(324,'Highly recommended!','2024-05-23 08:56:21',4),(325,'Very pleased!','2024-05-23 08:56:21',4),(326,'Excellent quality!','2024-05-23 08:56:21',4),(327,'Fast shipping!','2024-05-23 08:56:21',4),(328,'Very happy with my purchase!','2024-05-23 08:56:21',5),(329,'Excellent quality!','2024-05-23 08:56:21',5),(330,'Would not buy again!','2024-05-23 08:56:21',3),(331,'Great product!','2024-05-23 08:56:21',5),(332,'Very happy with my purchase!','2024-05-23 08:56:21',4),(333,'Would not recommend!','2024-05-23 08:56:21',1),(334,'Very pleased!','2024-05-23 08:56:21',5),(335,'Would not recommend!','2024-05-23 08:56:21',1),(336,'Would not buy again!','2024-05-23 08:56:21',3),(337,'Would buy again!','2024-05-23 08:56:21',4),(338,'Fast shipping!','2024-05-23 08:56:21',5),(339,'Would not buy again!','2024-05-23 08:56:21',3),(340,'Very satisfied!','2024-05-23 08:56:21',4),(341,'Great product!','2024-05-23 08:56:21',4),(342,'Would not buy again!','2024-05-23 08:56:21',3),(343,'Not as described!','2024-05-23 08:56:21',1),(344,'Very pleased!','2024-05-23 08:56:21',4),(345,'Excellent quality!','2024-05-23 08:56:21',5),(346,'Great product!','2024-05-23 08:56:21',4),(347,'Would buy again!','2024-05-23 08:56:21',5),(348,'Highly recommended!','2024-05-23 08:56:21',5),(349,'Disappointing product!','2024-05-23 08:56:21',2),(350,'Very unhappy with my purchase!','2024-05-23 08:56:21',3),(351,'Very pleased!','2024-05-23 08:56:21',4),(352,'Would not buy again!','2024-05-23 08:56:21',2),(353,'Fast shipping!','2024-05-23 08:56:21',4),(354,'Very happy with my purchase!','2024-05-23 08:56:21',4),(355,'Disappointing product!','2024-05-23 08:56:21',3),(356,'Poor quality!','2024-05-23 08:56:21',3),(357,'Waste of money!','2024-05-23 08:56:21',2),(358,'Great product!','2024-05-23 08:56:21',5),(359,'Awesome product!','2024-05-23 08:56:21',4),(360,'Very happy with my purchase!','2024-05-23 08:56:21',4),(361,'Highly impressed!','2024-05-23 08:56:21',4),(362,'Awesome product!','2024-05-23 08:56:21',5),(363,'Highly recommended!','2024-05-23 08:56:21',4),(364,'Would buy again!','2024-05-23 08:56:21',5),(365,'Great product!','2024-05-23 08:56:21',5),(366,'Not as described!','2024-05-23 08:56:21',3),(367,'Highly impressed!','2024-05-23 08:56:21',5),(368,'Great product!','2024-05-23 08:56:21',4),(369,'Poor quality!','2024-05-23 08:56:21',2),(370,'Very unhappy with my purchase!','2024-05-23 08:56:21',1),(371,'Very satisfied!','2024-05-23 08:56:21',5),(372,'Fast shipping!','2024-05-23 08:56:21',4),(373,'Not worth the price!','2024-05-23 08:56:21',2),(374,'Fast shipping!','2024-05-23 08:56:21',4),(375,'Very dissatisfied!','2024-05-23 08:56:21',2),(376,'Would buy again!','2024-05-23 08:56:21',4),(377,'Very pleased!','2024-05-23 08:56:21',5),(378,'Would not recommend!','2024-05-23 08:56:21',3),(379,'Would not buy again!','2024-05-23 08:56:21',2),(380,'Very satisfied!','2024-05-23 08:56:21',4),(381,'Very happy with my purchase!','2024-05-23 08:56:21',5),(382,'Very happy with my purchase!','2024-05-23 08:56:21',5),(383,'Waste of money!','2024-05-23 08:56:21',3),(384,'Great product!','2024-05-23 08:56:21',5),(385,'Highly recommended!','2024-05-23 08:56:21',4),(386,'Very satisfied!','2024-05-23 08:56:21',4),(387,'Fast shipping!','2024-05-23 08:56:21',5),(388,'Awesome product!','2024-05-23 08:56:21',5),(389,'Would not recommend!','2024-05-23 08:56:21',1),(390,'Very dissatisfied!','2024-05-23 08:56:21',1),(391,'Would buy again!','2024-05-23 08:56:21',5),(392,'Would buy again!','2024-05-23 08:56:21',4),(393,'Great value for money!','2024-05-23 08:56:21',5),(394,'Very unhappy with my purchase!','2024-05-23 08:56:21',2),(395,'Very happy with my purchase!','2024-05-23 08:56:21',5),(396,'Very happy with my purchase!','2024-05-23 08:56:21',4),(397,'Great value for money!','2024-05-23 08:56:21',4),(398,'Highly impressed!','2024-05-23 08:56:21',4),(399,'Would buy again!','2024-05-23 08:56:21',4),(400,'Very pleased!','2024-05-23 08:56:21',5),(401,'Great value for money!','2024-05-23 08:56:21',5),(402,'Great product!','2024-05-23 08:56:21',5),(403,'Would not recommend!','2024-05-23 08:56:21',3),(404,'Great product!','2024-05-23 08:56:21',4),(405,'Very happy with my purchase!','2024-05-23 08:56:21',4),(406,'Highly recommended!','2024-05-23 08:56:21',5),(407,'Highly recommended!','2024-05-23 08:56:21',5),(408,'Fast shipping!','2024-05-23 08:56:21',4),(409,'Excellent quality!','2024-05-23 08:56:21',4),(410,'Great product!','2024-05-23 08:56:21',4),(411,'Awesome product!','2024-05-23 08:56:21',4),(412,'Great product!','2024-05-23 08:56:21',5),(413,'Waste of money!','2024-05-23 08:56:21',2),(414,'Would buy again!','2024-05-23 08:56:21',4),(415,'Would buy again!','2024-05-23 08:56:21',5),(416,'Very happy with my purchase!','2024-05-23 08:56:21',5),(417,'Highly impressed!','2024-05-23 08:56:21',5),(418,'Not worth the price!','2024-05-23 08:56:21',2),(419,'Highly impressed!','2024-05-23 08:56:21',5),(420,'Awesome product!','2024-05-23 08:56:21',4),(421,'Awesome product!','2024-05-23 08:56:21',5),(422,'Awesome product!','2024-05-23 08:56:21',5),(423,'Very happy with my purchase!','2024-05-23 08:56:21',4),(424,'Awesome product!','2024-05-23 08:56:21',4),(425,'Would not recommend!','2024-05-23 08:56:21',1),(426,'Very pleased!','2024-05-23 08:56:21',4),(427,'Highly impressed!','2024-05-23 08:56:21',4),(428,'Poor quality!','2024-05-23 08:56:21',3),(429,'Not as described!','2024-05-23 08:56:21',3),(430,'Not worth the price!','2024-05-23 08:56:21',1),(431,'Great product!','2024-05-23 08:56:21',5),(432,'Awesome product!','2024-05-23 08:56:21',4),(433,'Excellent quality!','2024-05-23 08:56:21',4),(434,'Disappointing product!','2024-05-23 08:56:21',3),(435,'Not as described!','2024-05-23 08:56:21',1),(436,'Waste of money!','2024-05-23 08:56:21',1),(437,'Awesome product!','2024-05-23 08:56:21',5),(438,'Very happy with my purchase!','2024-05-23 08:56:21',5),(439,'Would buy again!','2024-05-23 08:56:21',5),(440,'Awesome product!','2024-05-23 08:56:21',4),(441,'Not as described!','2024-05-23 08:56:21',1),(442,'Very satisfied!','2024-05-23 08:56:21',5),(443,'Great value for money!','2024-05-23 08:56:21',5),(444,'Great value for money!','2024-05-23 08:56:21',4),(445,'Great value for money!','2024-05-23 08:56:21',4),(446,'Great product!','2024-05-23 08:56:21',4),(447,'Would not buy again!','2024-05-23 08:56:21',2),(448,'Very pleased!','2024-05-23 08:56:21',4),(449,'Fast shipping!','2024-05-23 08:56:21',4),(450,'Excellent quality!','2024-05-23 08:56:21',4),(451,'Not worth the price!','2024-05-23 08:56:21',3),(452,'Not as described!','2024-05-23 08:56:21',2),(453,'Not worth the price!','2024-05-23 08:56:21',2),(454,'Disappointing product!','2024-05-23 08:56:21',3),(455,'Very satisfied!','2024-05-23 08:56:21',5),(456,'Very satisfied!','2024-05-23 08:56:21',4),(457,'Disappointing product!','2024-05-23 08:56:21',1),(458,'Highly impressed!','2024-05-23 08:56:21',4),(459,'Very satisfied!','2024-05-23 08:56:21',5),(460,'Disappointing product!','2024-05-23 08:56:21',2),(461,'Fast shipping!','2024-05-23 08:56:21',4),(462,'Would buy again!','2024-05-23 08:56:21',5),(463,'Would buy again!','2024-05-23 08:56:21',4),(464,'Disappointing product!','2024-05-23 08:56:21',1),(465,'Would buy again!','2024-05-23 08:56:21',4),(466,'Excellent quality!','2024-05-23 08:56:21',4),(467,'Very happy with my purchase!','2024-05-23 08:56:21',4),(468,'Not as described!','2024-05-23 08:56:21',2),(469,'Great value for money!','2024-05-23 08:56:21',5),(470,'Fast shipping!','2024-05-23 08:56:21',5),(471,'Highly recommended!','2024-05-23 08:56:21',5),(472,'Awesome product!','2024-05-23 08:56:21',4),(473,'Very satisfied!','2024-05-23 08:56:21',5),(474,'Awesome product!','2024-05-23 08:56:21',5),(475,'Disappointing product!','2024-05-23 08:56:21',2),(476,'Great product!','2024-05-23 08:56:21',4),(477,'Great product!','2024-05-23 08:56:21',5),(478,'Would not buy again!','2024-05-23 08:56:21',2),(479,'Would buy again!','2024-05-23 08:56:21',5),(480,'Fast shipping!','2024-05-23 08:56:21',5),(481,'Would not recommend!','2024-05-23 08:56:21',2),(482,'Fast shipping!','2024-05-23 08:56:21',4),(483,'Not as described!','2024-05-23 08:56:21',3),(484,'Very dissatisfied!','2024-05-23 08:56:21',2),(485,'Very disappointed!','2024-05-23 08:56:21',1),(486,'Poor quality!','2024-05-23 08:56:21',1),(487,'Very pleased!','2024-05-23 08:56:21',5),(488,'Poor quality!','2024-05-23 08:56:21',2),(489,'Great value for money!','2024-05-23 08:56:21',4),(490,'Very happy with my purchase!','2024-05-23 08:56:21',4),(491,'Poor quality!','2024-05-23 08:56:21',3),(492,'Very dissatisfied!','2024-05-23 08:56:21',3),(493,'Very unhappy with my purchase!','2024-05-23 08:56:21',1),(494,'Great product!','2024-05-23 08:56:21',4),(495,'Very happy with my purchase!','2024-05-23 08:56:21',4),(496,'Highly recommended!','2024-05-23 08:56:21',4),(497,'Would not recommend!','2024-05-23 08:56:21',3),(498,'Not as described!','2024-05-23 08:56:21',3),(499,'Would not recommend!','2024-05-23 08:56:21',2),(500,'Very happy with my purchase!','2024-05-23 08:56:21',5),(501,'Great value for money!','2024-05-23 08:56:21',5),(502,'Disappointing product!','2024-05-23 08:56:21',2),(503,'Highly impressed!','2024-05-23 08:56:21',5),(504,'Very happy with my purchase!','2024-05-23 08:56:21',4),(505,'Highly impressed!','2024-05-23 08:56:21',4),(506,'Great product!','2024-05-23 08:56:21',4),(507,'Great value for money!','2024-05-23 08:56:21',4),(508,'Very happy with my purchase!','2024-05-23 08:56:21',4),(509,'Fast shipping!','2024-05-23 08:56:21',5),(510,'Would not buy again!','2024-05-23 08:56:21',3),(511,'Very pleased!','2024-05-23 08:56:21',5),(512,'Awesome product!','2024-05-23 08:56:21',4),(513,'Very pleased!','2024-05-23 08:56:21',4),(514,'Very satisfied!','2024-05-23 08:56:21',5),(515,'Excellent quality!','2024-05-23 08:56:21',5),(516,'Poor quality!','2024-05-23 08:56:21',1),(517,'Highly impressed!','2024-05-23 08:56:21',4),(518,'Awesome product!','2024-05-23 08:56:21',5),(519,'Highly recommended!','2024-05-23 08:56:21',4),(520,'Excellent quality!','2024-05-23 08:56:21',5),(521,'Would buy again!','2024-05-23 08:56:21',4),(522,'Not worth the price!','2024-05-23 08:56:21',3),(523,'Would not recommend!','2024-05-23 08:56:21',1),(524,'Excellent quality!','2024-05-23 08:56:21',5),(525,'Very pleased!','2024-05-23 08:56:21',5),(526,'Not as described!','2024-05-23 08:56:21',1),(527,'Very pleased!','2024-05-23 08:56:21',4),(528,'Awesome product!','2024-05-23 08:56:21',5),(529,'Very satisfied!','2024-05-23 08:56:21',5),(530,'Great product!','2024-05-23 08:56:21',5),(531,'Not as described!','2024-05-23 08:56:21',1),(532,'Very unhappy with my purchase!','2024-05-23 08:56:21',3),(533,'Would not recommend!','2024-05-23 08:56:21',3),(534,'Highly impressed!','2024-05-23 08:56:21',4),(535,'Very happy with my purchase!','2024-05-23 08:56:21',4),(536,'Highly impressed!','2024-05-23 08:56:21',4),(537,'Highly impressed!','2024-05-23 08:56:21',4),(538,'Fast shipping!','2024-05-23 08:56:21',5),(539,'Would not buy again!','2024-05-23 08:56:21',2),(540,'Not as described!','2024-05-23 08:56:21',3),(541,'Would buy again!','2024-05-23 08:56:21',4),(542,'Poor quality!','2024-05-23 08:56:21',1),(543,'Very unhappy with my purchase!','2024-05-23 08:56:21',1),(544,'Very disappointed!','2024-05-23 08:56:21',3),(545,'Very disappointed!','2024-05-23 08:56:21',1),(546,'Waste of money!','2024-05-23 08:56:21',2),(547,'Awesome product!','2024-05-23 08:56:21',4),(548,'Excellent quality!','2024-05-23 08:56:21',4),(549,'Very satisfied!','2024-05-23 08:56:21',4),(550,'Highly impressed!','2024-05-23 08:56:21',5),(551,'Poor quality!','2024-05-23 08:56:21',3),(552,'Highly recommended!','2024-05-23 08:56:21',4),(553,'Not as described!','2024-05-23 08:56:21',1),(554,'Very disappointed!','2024-05-23 08:56:21',2),(555,'Great value for money!','2024-05-23 08:56:21',5),(556,'Very pleased!','2024-05-23 08:56:21',5),(557,'Very unhappy with my purchase!','2024-05-23 08:56:21',1),(558,'Awesome product!','2024-05-23 08:56:21',4),(559,'Excellent quality!','2024-05-23 08:56:21',4),(560,'Fast shipping!','2024-05-23 08:56:21',4),(561,'Very pleased!','2024-05-23 08:56:21',5),(562,'Waste of money!','2024-05-23 08:56:21',3),(563,'Very happy with my purchase!','2024-05-23 08:56:21',4),(564,'Very happy with my purchase!','2024-05-23 08:56:21',5),(565,'Very pleased!','2024-05-23 08:56:21',4),(566,'Fast shipping!','2024-05-23 08:56:21',5),(567,'Excellent quality!','2024-05-23 08:56:21',4),(568,'Great value for money!','2024-05-23 08:56:21',5),(569,'Very unhappy with my purchase!','2024-05-23 08:56:21',3),(570,'Highly impressed!','2024-05-23 08:56:21',4),(571,'Great value for money!','2024-05-23 08:56:21',5),(572,'Would not recommend!','2024-05-23 08:56:21',1),(573,'Very pleased!','2024-05-23 08:56:21',5),(574,'Very disappointed!','2024-05-23 08:56:21',2),(575,'Excellent quality!','2024-05-23 08:56:21',5),(576,'Highly recommended!','2024-05-23 08:56:21',4),(577,'Not as described!','2024-05-23 08:56:21',1),(578,'Highly impressed!','2024-05-23 08:56:21',5),(579,'Would buy again!','2024-05-23 08:56:21',4),(580,'Fast shipping!','2024-05-23 08:56:21',4),(581,'Great product!','2024-05-23 08:56:21',5),(582,'Waste of money!','2024-05-23 08:56:21',3);
/*!40000 ALTER TABLE `reviews` ENABLE KEYS */;
UNLOCK TABLES;

--
-- Table structure for table `reviewuser`
--

DROP TABLE IF EXISTS `reviewuser`;
/*!40101 SET @saved_cs_client     = @@character_set_client */;
/*!50503 SET character_set_client = utf8mb4 */;
CREATE TABLE `reviewuser` (
  `ID` int NOT NULL AUTO_INCREMENT,
  `idreview` int DEFAULT NULL,
  `iduser` int DEFAULT NULL,
  PRIMARY KEY (`ID`)
) ENGINE=InnoDB AUTO_INCREMENT=583 DEFAULT CHARSET=utf8mb4 COLLATE=utf8mb4_0900_ai_ci;
/*!40101 SET character_set_client = @saved_cs_client */;

--
-- Dumping data for table `reviewuser`
--

LOCK TABLES `reviewuser` WRITE;
/*!40000 ALTER TABLE `reviewuser` DISABLE KEYS */;
INSERT INTO `reviewuser` VALUES (1,1,1),(2,2,2),(3,3,3),(4,4,4),(5,5,5),(6,6,6),(7,7,7),(8,8,8),(9,9,9),(10,10,10),(11,11,11),(12,12,12),(13,13,10),(14,14,14),(15,15,15),(16,16,16),(17,17,17),(18,18,18),(19,19,19),(20,20,19),(21,21,21),(22,22,22),(23,23,23),(24,24,24),(25,25,25),(26,26,26),(27,27,16),(28,28,28),(29,29,29),(30,30,30),(31,31,31),(32,32,17),(33,33,24),(34,34,34),(35,35,35),(36,36,17),(37,37,1),(38,38,38),(39,39,15),(40,40,40),(41,41,2),(42,42,42),(43,43,43),(44,44,44),(45,45,45),(46,46,46),(47,47,47),(48,48,48),(49,49,49),(50,50,50),(51,51,3),(52,52,52),(53,53,53),(54,54,54),(55,55,55),(56,56,18),(57,57,57),(58,58,58),(59,59,59),(60,60,60),(61,61,61),(62,62,4),(63,63,63),(64,64,10),(65,65,65),(66,66,23),(67,67,67),(68,68,68),(69,69,53),(70,70,70),(71,71,31),(72,72,72),(73,73,18),(74,74,17),(75,75,7),(76,76,52),(77,77,77),(78,78,78),(79,79,79),(80,80,80),(81,81,81),(82,82,6),(83,83,83),(84,84,84),(85,85,10),(86,86,49),(87,87,87),(88,88,5),(89,89,89),(90,90,90),(91,91,91),(92,92,92),(93,93,47),(94,94,94),(95,95,95),(96,96,96),(97,97,97),(98,98,98),(99,99,99),(100,100,2),(101,101,99),(102,102,102),(103,103,16),(104,104,104),(105,105,105),(106,106,106),(107,107,107),(108,108,108),(109,109,109),(110,110,110),(111,111,111),(112,112,9),(113,113,113),(114,114,114),(115,115,63),(116,116,4),(117,117,117),(118,118,43),(119,119,119),(120,120,120),(121,121,42),(122,122,57),(123,123,123),(124,124,124),(125,125,125),(126,126,68),(127,127,127),(128,128,128),(129,129,127),(130,130,120),(131,131,44),(132,132,132),(133,133,133),(134,134,134),(135,135,135),(136,136,57),(137,137,40),(138,138,138),(139,139,139),(140,140,81),(141,141,141),(142,142,133),(143,143,48),(144,144,144),(145,145,145),(146,146,146),(147,147,147),(148,148,148),(149,149,55),(150,150,150),(151,151,138),(152,152,61),(153,153,153),(154,154,119),(155,155,78),(156,156,156),(157,157,157),(158,158,95),(159,159,159),(160,160,160),(161,161,60),(162,162,63),(163,163,163),(164,164,164),(165,165,165),(166,166,166),(167,167,167),(168,168,23),(169,169,114),(170,170,1),(171,171,171),(172,172,144),(173,173,173),(174,174,96),(175,175,175),(176,176,9),(177,177,25),(178,178,178),(179,179,4),(180,180,11),(181,181,110),(182,182,182),(183,183,42),(184,184,144),(185,185,157),(186,186,186),(187,187,187),(188,188,98),(189,189,189),(190,190,190),(191,191,189),(192,192,35),(193,193,193),(194,194,194),(195,195,195),(196,196,45),(197,197,197),(198,198,38),(199,199,144),(200,200,68),(201,201,201),(202,202,110),(203,203,16),(204,204,204),(205,205,205),(206,206,52),(207,207,47),(208,208,208),(209,209,209),(210,210,210),(211,211,23),(212,212,163),(213,213,150),(214,214,31),(215,215,3),(216,216,98),(217,217,6),(218,218,209),(219,219,219),(220,220,55),(221,221,147),(222,222,222),(223,223,223),(224,224,135),(225,225,163),(226,226,167),(227,227,166),(228,228,228),(229,229,229),(230,230,4),(231,231,96),(232,232,195),(233,233,135),(234,234,165),(235,235,114),(236,236,30),(237,237,237),(238,238,166),(239,239,94),(240,240,237),(241,241,241),(242,242,19),(243,243,123),(244,244,31),(245,245,134),(246,246,189),(247,247,58),(248,248,248),(249,249,249),(250,250,106),(251,251,106),(252,252,11),(253,253,95),(254,254,254),(255,255,125),(256,256,84),(257,257,102),(258,258,26),(259,259,47),(260,260,58),(261,261,261),(262,262,262),(263,263,58),(264,264,248),(265,265,44),(266,266,16),(267,267,104),(268,268,21),(269,269,269),(270,270,195),(271,271,81),(272,272,5),(273,273,173),(274,274,83),(275,275,139),(276,276,276),(277,277,11),(278,278,278),(279,279,279),(280,280,114),(281,281,262),(282,282,282),(283,283,205),(284,284,279),(285,285,241),(286,286,55),(287,287,96),(288,288,209),(289,289,204),(290,290,59),(291,291,291),(292,292,125),(293,293,210),(294,294,107),(295,295,95),(296,296,163),(297,297,297),(298,298,298),(299,299,40),(300,300,300),(301,301,301),(302,302,193),(303,303,5),(304,304,160),(305,305,305),(306,306,68),(307,307,159),(308,308,67),(309,309,95),(310,310,102),(311,311,43),(312,312,68),(313,313,9),(314,314,173),(315,315,262),(316,316,54),(317,317,48),(318,318,318),(319,319,35),(320,320,134),(321,321,48),(322,322,322),(323,323,102),(324,324,52),(325,325,325),(326,326,325),(327,327,104),(328,328,328),(329,329,44),(330,330,132),(331,331,111),(332,332,135),(333,333,144),(334,334,144),(335,335,301),(336,336,21),(337,337,282),(338,338,153),(339,339,164),(340,340,340),(341,341,29),(342,342,89),(343,343,298),(344,344,96),(345,345,345),(346,346,346),(347,347,347),(348,348,223),(349,349,349),(350,350,340),(351,351,223),(352,352,352),(353,353,58),(354,354,354),(355,355,355),(356,356,7),(357,357,92),(358,358,12),(359,359,178),(360,360,119),(361,361,147),(362,362,133),(363,363,139),(364,364,79),(365,365,24),(366,366,205),(367,367,127),(368,368,368),(369,369,194),(370,370,182),(371,371,18),(372,372,6),(373,373,50),(374,374,114),(375,375,95),(376,376,190),(377,377,377),(378,378,229),(379,379,340),(380,380,249),(381,381,381),(382,382,45),(383,383,16),(384,384,134),(385,385,190),(386,386,17),(387,387,102),(388,388,328),(389,389,148),(390,390,5),(391,391,300),(392,392,228),(393,393,127),(394,394,394),(395,395,108),(396,396,123),(397,397,134),(398,398,61),(399,399,182),(400,400,318),(401,401,301),(402,402,124),(403,403,105),(404,404,127),(405,405,328),(406,406,46),(407,407,2),(408,408,145),(409,409,409),(410,410,349),(411,411,14),(412,412,175),(413,413,413),(414,414,141),(415,415,107),(416,416,345),(417,417,417),(418,418,123),(419,419,291),(420,420,204),(421,421,223),(422,422,38),(423,423,355),(424,424,424),(425,425,241),(426,426,426),(427,427,297),(428,428,428),(429,429,429),(430,430,117),(431,431,187),(432,432,187),(433,433,189),(434,434,325),(435,435,110),(436,436,58),(437,437,148),(438,438,153),(439,439,8),(440,440,81),(441,441,54),(442,442,10),(443,443,195),(444,444,426),(445,445,52),(446,446,35),(447,447,10),(448,448,269),(449,449,120),(450,450,124),(451,451,94),(452,452,111),(453,453,173),(454,454,210),(455,455,349),(456,456,278),(457,457,193),(458,458,68),(459,459,127),(460,460,195),(461,461,394),(462,462,254),(463,463,108),(464,464,464),(465,465,465),(466,466,355),(467,467,175),(468,468,163),(469,469,469),(470,470,6),(471,471,48),(472,472,186),(473,473,473),(474,474,22),(475,475,108),(476,476,55),(477,477,193),(478,478,178),(479,479,68),(480,480,210),(481,481,481),(482,482,222),(483,483,190),(484,484,12),(485,485,229),(486,486,486),(487,487,113),(488,488,254),(489,489,95),(490,490,96),(491,491,26),(492,492,354),(493,493,291),(494,494,340),(495,495,249),(496,496,409),(497,497,67),(498,498,165),(499,499,355),(500,500,35),(501,501,57),(502,502,24),(503,503,354),(504,504,80),(505,505,72),(506,506,10),(507,507,325),(508,508,429),(509,509,134),(510,510,58),(511,511,318),(512,512,42),(513,513,377),(514,514,1),(515,515,28),(516,516,9),(517,517,195),(518,518,276),(519,519,111),(520,520,166),(521,521,92),(522,522,481),(523,523,301),(524,524,261),(525,525,305),(526,526,98),(527,527,72),(528,528,49),(529,529,297),(530,530,279),(531,531,269),(532,532,58),(533,533,119),(534,534,381),(535,535,208),(536,536,31),(537,537,6),(538,538,110),(539,539,8),(540,540,164),(541,541,473),(542,542,110),(543,543,164),(544,544,81),(545,545,48),(546,546,208),(547,547,223),(548,548,548),(549,549,150),(550,550,110),(551,551,551),(552,552,34),(553,553,276),(554,554,473),(555,555,555),(556,556,354),(557,557,377),(558,558,127),(559,559,50),(560,560,25),(561,561,44),(562,562,119),(563,563,465),(564,564,46),(565,565,49),(566,566,394),(567,567,26),(568,568,210),(569,569,79),(570,570,241),(571,571,46),(572,572,97),(573,573,139),(574,574,14),(575,575,575),(576,576,4),(577,577,21),(578,578,160),(579,579,70),(580,580,125),(581,581,171),(582,582,26);
/*!40000 ALTER TABLE `reviewuser` ENABLE KEYS */;
UNLOCK TABLES;

--
-- Table structure for table `tagproduct`
--

DROP TABLE IF EXISTS `tagproduct`;
/*!40101 SET @saved_cs_client     = @@character_set_client */;
/*!50503 SET character_set_client = utf8mb4 */;
CREATE TABLE `tagproduct` (
  `ID` int NOT NULL AUTO_INCREMENT,
  `idtag` int DEFAULT NULL,
  `idproduct` int DEFAULT NULL,
  PRIMARY KEY (`ID`)
) ENGINE=InnoDB AUTO_INCREMENT=365 DEFAULT CHARSET=utf8mb4 COLLATE=utf8mb4_0900_ai_ci;
/*!40101 SET character_set_client = @saved_cs_client */;

--
-- Dumping data for table `tagproduct`
--

LOCK TABLES `tagproduct` WRITE;
/*!40000 ALTER TABLE `tagproduct` DISABLE KEYS */;
INSERT INTO `tagproduct` VALUES (1,1,1),(2,2,1),(3,3,2),(4,4,2),(5,5,3),(6,6,3),(7,7,4),(8,8,4),(9,9,5),(10,10,5),(11,11,6),(12,12,6),(13,13,7),(14,14,7),(15,15,8),(16,16,8),(17,17,9),(18,18,9),(19,19,10),(20,20,10),(21,21,11),(22,22,11),(23,23,12),(24,24,12),(25,25,13),(26,26,13),(27,27,14),(28,28,14),(29,29,15),(30,30,15),(31,31,16),(32,32,17),(33,33,18),(34,34,18),(35,35,19),(36,36,20),(37,37,21),(38,38,22),(39,39,22),(40,40,23),(41,41,24),(42,42,25),(43,43,26),(44,44,27),(45,45,28),(46,46,29),(47,47,30),(48,48,31),(49,49,32),(50,50,33),(51,51,34),(52,52,34),(53,53,35),(54,54,36),(55,55,37),(56,56,38),(57,57,39),(58,58,40),(59,59,41),(60,60,42),(61,61,43),(62,62,43),(63,63,44),(64,64,44),(65,65,45),(66,66,45),(67,67,46),(68,68,46),(69,69,47),(70,70,47),(71,71,48),(72,72,48),(73,73,49),(74,74,49),(75,75,50),(76,76,50),(77,77,51),(78,78,51),(79,79,52),(80,80,52),(81,81,53),(82,82,53),(83,83,54),(84,84,54),(85,85,55),(86,86,55),(87,87,56),(88,88,56),(89,89,57),(90,90,57),(91,91,58),(92,92,58),(93,93,59),(94,94,59),(95,95,60),(96,96,60),(97,97,61),(98,98,61),(99,99,62),(100,100,62),(101,101,63),(102,102,63),(103,103,64),(104,104,64),(105,105,65),(106,106,65),(107,107,66),(108,108,66),(109,109,67),(110,110,67),(111,111,68),(112,112,68),(113,113,69),(114,114,69),(115,115,70),(116,116,70),(117,117,71),(118,118,71),(119,119,72),(120,120,72),(121,121,73),(122,122,73),(123,123,74),(124,124,74),(125,125,75),(126,126,75),(127,127,76),(128,128,76),(129,129,77),(130,130,77),(131,131,78),(132,132,78),(133,133,79),(134,134,80),(135,135,81),(136,136,82),(137,137,83),(138,138,83),(139,139,84),(140,140,84),(141,141,85),(142,142,85),(143,143,86),(144,144,86),(145,145,87),(146,146,87),(147,147,88),(148,148,88),(149,149,89),(150,150,89),(151,151,90),(152,152,90),(153,153,91),(154,154,91),(155,155,92),(156,156,92),(157,157,93),(158,158,93),(159,159,94),(160,160,94),(161,161,95),(162,162,95),(163,163,96),(164,164,96),(165,165,97),(166,166,97),(167,167,98),(168,168,98),(169,169,99),(170,170,99),(171,171,100),(172,172,100),(173,173,101),(174,174,101),(175,175,102),(176,176,102),(177,177,103),(178,178,103),(179,179,104),(180,180,104),(181,181,105),(182,182,105),(183,183,106),(184,184,106),(185,185,107),(186,186,107),(187,187,108),(188,188,108),(189,189,109),(190,190,109),(191,191,110),(192,192,110),(193,193,111),(194,194,111),(195,195,112),(196,196,112),(197,197,113),(198,198,114),(199,199,114),(200,200,115),(201,201,115),(202,202,116),(203,203,116),(204,204,117),(205,205,117),(206,206,118),(207,207,118),(208,208,119),(209,209,119),(210,210,120),(211,211,120),(212,212,121),(213,213,121),(214,214,122),(215,215,122),(216,216,123),(217,217,123),(218,218,124),(219,219,124),(220,220,125),(221,221,125),(222,222,126),(223,223,126),(224,224,127),(225,225,127),(226,226,128),(227,227,128),(228,228,129),(229,229,129),(230,230,130),(231,231,130),(232,232,131),(233,233,131),(234,234,132),(235,235,132),(236,236,133),(237,237,133),(238,238,134),(239,239,134),(240,240,135),(241,241,135),(242,242,136),(243,243,136),(244,244,137),(245,245,137),(246,246,138),(247,247,138),(248,248,139),(249,249,139),(250,250,140),(251,251,140),(252,252,141),(253,253,141),(254,254,142),(255,255,142),(256,256,143),(257,257,143),(258,258,144),(259,259,144),(260,260,145),(261,261,145),(262,262,146),(263,263,146),(264,264,147),(265,265,147),(266,266,148),(267,267,148),(268,268,149),(269,269,149),(270,270,150),(271,271,150),(272,272,151),(273,273,151),(274,274,152),(275,275,152),(276,276,153),(277,277,153),(278,278,154),(279,279,154),(280,280,155),(281,281,155),(282,282,156),(283,283,156),(284,284,157),(285,285,157),(286,286,158),(287,287,158),(288,288,159),(289,289,159),(290,290,160),(291,291,160),(292,292,161),(293,293,161),(294,294,162),(295,295,162),(296,296,163),(297,297,163),(298,298,164),(299,299,164),(300,300,165),(301,301,165),(302,302,166),(303,303,166),(304,304,167),(305,305,167),(306,306,168),(307,307,168),(308,308,168),(309,309,169),(310,310,169),(311,311,169),(312,312,170),(313,313,170),(314,314,171),(315,315,171),(316,316,172),(317,317,172),(318,318,173),(319,319,173),(320,320,174),(321,321,174),(322,322,175),(323,323,175),(324,324,176),(325,325,176),(326,326,177),(327,327,177),(328,328,178),(329,329,178),(330,330,178),(331,331,179),(332,332,179),(333,333,179),(334,334,180),(335,335,180),(336,336,181),(337,337,181),(338,338,182),(339,339,182),(340,340,183),(341,341,183),(342,342,184),(343,343,184),(344,344,185),(345,345,185),(346,346,186),(347,347,186),(348,348,187),(349,349,187),(350,350,188),(351,351,188),(352,352,189),(353,353,189),(354,354,190),(355,355,190),(356,356,191),(357,357,191),(358,358,192),(359,359,192),(360,360,192),(361,361,193),(362,362,193),(363,363,194),(364,364,194);
/*!40000 ALTER TABLE `tagproduct` ENABLE KEYS */;
UNLOCK TABLES;

--
-- Table structure for table `tags`
--

DROP TABLE IF EXISTS `tags`;
/*!40101 SET @saved_cs_client     = @@character_set_client */;
/*!50503 SET character_set_client = utf8mb4 */;
CREATE TABLE `tags` (
  `ID` int NOT NULL AUTO_INCREMENT,
  `name` varchar(40) DEFAULT NULL,
  PRIMARY KEY (`ID`)
) ENGINE=InnoDB AUTO_INCREMENT=365 DEFAULT CHARSET=utf8mb4 COLLATE=utf8mb4_0900_ai_ci;
/*!40101 SET character_set_client = @saved_cs_client */;

--
-- Dumping data for table `tags`
--

LOCK TABLES `tags` WRITE;
/*!40000 ALTER TABLE `tags` DISABLE KEYS */;
INSERT INTO `tags` VALUES (1,'beauty'),(2,'mascara'),(3,'beauty'),(4,'eyeshadow'),(5,'beauty'),(6,'face powder'),(7,'beauty'),(8,'lipstick'),(9,'beauty'),(10,'nail polish'),(11,'fragrances'),(12,'perfumes'),(13,'fragrances'),(14,'perfumes'),(15,'fragrances'),(16,'perfumes'),(17,'fragrances'),(18,'perfumes'),(19,'fragrances'),(20,'perfumes'),(21,'furniture'),(22,'beds'),(23,'furniture'),(24,'sofas'),(25,'furniture'),(26,'bedside tables'),(27,'furniture'),(28,'office chairs'),(29,'furniture'),(30,'bathroom'),(31,'fruits'),(32,'meat'),(33,'pet supplies'),(34,'cat food'),(35,'meat'),(36,'cooking essentials'),(37,'vegetables'),(38,'pet supplies'),(39,'dog food'),(40,'dairy'),(41,'seafood'),(42,'vegetables'),(43,'vegetables'),(44,'condiments'),(45,'desserts'),(46,'beverages'),(47,'fruits'),(48,'fruits'),(49,'dairy'),(50,'fruits'),(51,'beverages'),(52,'coffee'),(53,'vegetables'),(54,'health supplements'),(55,'vegetables'),(56,'grains'),(57,'beverages'),(58,'fruits'),(59,'household essentials'),(60,'beverages'),(61,'home decor'),(62,'swing'),(63,'home decor'),(64,'photo frame'),(65,'home decor'),(66,'artificial plants'),(67,'home decor'),(68,'plant accessories'),(69,'home decor'),(70,'lighting'),(71,'kitchen tools'),(72,'utensils'),(73,'drinkware'),(74,'cups'),(75,'kitchen tools'),(76,'utensils'),(77,'kitchen appliances'),(78,'blenders'),(79,'cookware'),(80,'woks'),(81,'kitchen tools'),(82,'cutting boards'),(83,'kitchen tools'),(84,'juicers'),(85,'kitchen tools'),(86,'slicers'),(87,'kitchen appliances'),(88,'cooktops'),(89,'kitchen tools'),(90,'strainers'),(91,'kitchen tools'),(92,'utensils'),(93,'drinkware'),(94,'glasses'),(95,'kitchen tools'),(96,'graters'),(97,'kitchen appliances'),(98,'blenders'),(99,'kitchen tools'),(100,'ice cube trays'),(101,'kitchen tools'),(102,'strainers'),(103,'kitchen tools'),(104,'cutlery'),(105,'kitchen tools'),(106,'storage'),(107,'kitchen appliances'),(108,'microwaves'),(109,'kitchen tools'),(110,'organization'),(111,'cookware'),(112,'pans'),(113,'dinnerware'),(114,'plates'),(115,'kitchen tools'),(116,'tongs'),(117,'cookware'),(118,'pots'),(119,'kitchen tools'),(120,'turners'),(121,'kitchen tools'),(122,'organization'),(123,'kitchen tools'),(124,'utensils'),(125,'serveware'),(126,'trays'),(127,'kitchen tools'),(128,'baking'),(129,'kitchen tools'),(130,'peelers'),(131,'laptops'),(132,'apple'),(133,'laptops'),(134,'laptops'),(135,'laptops'),(136,'laptops'),(137,'clothing'),(138,'men\'s shirts'),(139,'clothing'),(140,'men\'s t-shirts'),(141,'clothing'),(142,'men\'s shirts'),(143,'clothing'),(144,'men\'s shirts'),(145,'clothing'),(146,'men\'s shirts'),(147,'footwear'),(148,'athletic shoes'),(149,'footwear'),(150,'sports cleats'),(151,'footwear'),(152,'casual shoes'),(153,'footwear'),(154,'athletic shoes'),(155,'footwear'),(156,'casual shoes'),(157,'watches'),(158,'leather watches'),(159,'watches'),(160,'luxury watches'),(161,'watches'),(162,'luxury watches'),(163,'watches'),(164,'luxury watches'),(165,'watches'),(166,'luxury watches'),(167,'watches'),(168,'luxury watches'),(169,'electronics'),(170,'smart speakers'),(171,'electronics'),(172,'wireless earphones'),(173,'electronics'),(174,'over-ear headphones'),(175,'electronics'),(176,'wireless chargers'),(177,'electronics'),(178,'smart speakers'),(179,'electronics'),(180,'chargers'),(181,'electronics'),(182,'power banks'),(183,'electronics'),(184,'smartwatches'),(185,'electronics'),(186,'wireless earphones'),(187,'electronics'),(188,'phone accessories'),(189,'electronics'),(190,'camera accessories'),(191,'electronics'),(192,'selfie accessories'),(193,'electronics'),(194,'selfie accessories'),(195,'electronics'),(196,'camera accessories'),(197,'motorcycles'),(198,'motorcycles'),(199,'sportbikes'),(200,'motorcycles'),(201,'sportbikes'),(202,'motorcycles'),(203,'scooters'),(204,'motorcycles'),(205,'sportbikes'),(206,'personal care'),(207,'hand soap'),(208,'personal care'),(209,'body wash'),(210,'personal care'),(211,'body lotion'),(212,'smartphones'),(213,'apple'),(214,'smartphones'),(215,'apple'),(216,'smartphones'),(217,'apple'),(218,'smartphones'),(219,'apple'),(220,'smartphones'),(221,'oppo'),(222,'smartphones'),(223,'oppo'),(224,'smartphones'),(225,'oppo'),(226,'smartphones'),(227,'realme'),(228,'smartphones'),(229,'realme'),(230,'smartphones'),(231,'realme'),(232,'smartphones'),(233,'samsung galaxy'),(234,'smartphones'),(235,'samsung galaxy'),(236,'smartphones'),(237,'samsung galaxy'),(238,'smartphones'),(239,'vivo'),(240,'smartphones'),(241,'vivo'),(242,'smartphones'),(243,'vivo'),(244,'sports equipment'),(245,'american football'),(246,'sports equipment'),(247,'baseball'),(248,'sports equipment'),(249,'baseball'),(250,'sports equipment'),(251,'basketball'),(252,'sports equipment'),(253,'basketball'),(254,'sports equipment'),(255,'cricket'),(256,'sports equipment'),(257,'cricket'),(258,'sports equipment'),(259,'cricket'),(260,'sports equipment'),(261,'cricket'),(262,'sports equipment'),(263,'badminton'),(264,'sports equipment'),(265,'football'),(266,'sports equipment'),(267,'golf'),(268,'sports equipment'),(269,'golf'),(270,'sports equipment'),(271,'baseball'),(272,'sports equipment'),(273,'tennis'),(274,'sports equipment'),(275,'tennis'),(276,'sports equipment'),(277,'volleyball'),(278,'eyewear'),(279,'sunglasses'),(280,'eyewear'),(281,'sunglasses'),(282,'eyewear'),(283,'sunglasses'),(284,'eyewear'),(285,'party glasses'),(286,'eyewear'),(287,'sunglasses'),(288,'electronics'),(289,'tablets'),(290,'electronics'),(291,'tablets'),(292,'electronics'),(293,'tablets'),(294,'clothing'),(295,'dresses'),(296,'clothing'),(297,'girls\' dresses'),(298,'clothing'),(299,'dresses'),(300,'clothing'),(301,'dresses'),(302,'clothing'),(303,'dresses'),(304,'sedans'),(305,'vehicles'),(306,'sedans'),(307,'sports cars'),(308,'vehicles'),(309,'hatchbacks'),(310,'compact cars'),(311,'vehicles'),(312,'suvs'),(313,'vehicles'),(314,'minivans'),(315,'vehicles'),(316,'fashion accessories'),(317,'handbags'),(318,'fashion accessories'),(319,'leather bags'),(320,'fashion accessories'),(321,'designer bags'),(322,'fashion accessories'),(323,'backpacks'),(324,'fashion accessories'),(325,'handbags'),(326,'clothing'),(327,'gowns'),(328,'clothing'),(329,'corsets'),(330,'skirts'),(331,'clothing'),(332,'corsets'),(333,'skirts'),(334,'clothing'),(335,'dresses'),(336,'clothing'),(337,'suits'),(338,'fashion accessories'),(339,'earrings'),(340,'fashion accessories'),(341,'earrings'),(342,'fashion accessories'),(343,'earrings'),(344,'footwear'),(345,'slippers'),(346,'footwear'),(347,'heel shoes'),(348,'footwear'),(349,'women\'s shoes'),(350,'footwear'),(351,'casual shoes'),(352,'footwear'),(353,'women\'s shoes'),(354,'watches'),(355,'luxury watches'),(356,'watches'),(357,'luxury watches'),(358,'watches'),(359,'luxury watches'),(360,'women\'s watches'),(361,'watches'),(362,'women\'s watches'),(363,'watches'),(364,'women\'s watches');
/*!40000 ALTER TABLE `tags` ENABLE KEYS */;
UNLOCK TABLES;

--
-- Table structure for table `users`
--

DROP TABLE IF EXISTS `users`;
/*!40101 SET @saved_cs_client     = @@character_set_client */;
/*!50503 SET character_set_client = utf8mb4 */;
CREATE TABLE `users` (
  `ID` int NOT NULL AUTO_INCREMENT,
  `mail` varchar(100) DEFAULT NULL,
  `name` varchar(100) DEFAULT NULL,
  `username` varchar(80) DEFAULT NULL,
  `password` varchar(100) DEFAULT NULL,
  PRIMARY KEY (`ID`)
) ENGINE=InnoDB AUTO_INCREMENT=583 DEFAULT CHARSET=utf8mb4 COLLATE=utf8mb4_0900_ai_ci;
/*!40101 SET character_set_client = @saved_cs_client */;

--
-- Dumping data for table `users`
--

LOCK TABLES `users` WRITE;
/*!40000 ALTER TABLE `users` DISABLE KEYS */;
INSERT INTO `users` VALUES (1,'john.doe@x.dummyjson.com','John Doe','johndoe','johndoe123'),(2,'nolan.gonzalez@x.dummyjson.com','Nolan Gonzalez','nolangonzalez','nolangonzalez123'),(3,'scarlett.wright@x.dummyjson.com','Scarlett Wright','scarlettwright','scarlettwright123'),(4,'liam.garcia@x.dummyjson.com','Liam Garcia','liamgarcia','liamgarcia123'),(5,'nora.russell@x.dummyjson.com','Nora Russell','norarussell','norarussell123'),(6,'elena.baker@x.dummyjson.com','Elena Baker','elenabaker','elenabaker123'),(7,'ethan.thompson@x.dummyjson.com','Ethan Thompson','ethanthompson','ethanthompson123'),(8,'levi.hicks@x.dummyjson.com','Levi Hicks','levihicks','levihicks123'),(9,'hazel.gardner@x.dummyjson.com','Hazel Gardner','hazelgardner','hazelgardner123'),(10,'leo.rivera@x.dummyjson.com','Leo Rivera','leorivera','leorivera123'),(11,'oscar.powers@x.dummyjson.com','Oscar Powers','oscarpowers','oscarpowers123'),(12,'carter.rivera@x.dummyjson.com','Carter Rivera','carterrivera','carterrivera123'),(13,'leo.rivera@x.dummyjson.com','Leo Rivera','leorivera','leorivera123'),(14,'evan.reed@x.dummyjson.com','Evan Reed','evanreed','evanreed123'),(15,'evelyn.sanchez@x.dummyjson.com','Evelyn Sanchez','evelynsanchez','evelynsanchez123'),(16,'sophia.brown@x.dummyjson.com','Sophia Brown','sophiabrown','sophiabrown123'),(17,'madison.collins@x.dummyjson.com','Madison Collins','madisoncollins','madisoncollins123'),(18,'maya.reed@x.dummyjson.com','Maya Reed','mayareed','mayareed123'),(19,'lincoln.kelly@x.dummyjson.com','Lincoln Kelly','lincolnkelly','lincolnkelly123'),(20,'lincoln.kelly@x.dummyjson.com','Lincoln Kelly','lincolnkelly','lincolnkelly123'),(21,'lucas.allen@x.dummyjson.com','Lucas Allen','lucasallen','lucasallen123'),(22,'zoe.nicholson@x.dummyjson.com','Zoe Nicholson','zoenicholson','zoenicholson123'),(23,'addison.wright@x.dummyjson.com','Addison Wright','addisonwright','addisonwright123'),(24,'clara.berry@x.dummyjson.com','Clara Berry','claraberry','claraberry123'),(25,'xavier.wright@x.dummyjson.com','Xavier Wright','xavierwright','xavierwright123'),(26,'mila.hernandez@x.dummyjson.com','Mila Hernandez','milahernandez','milahernandez123'),(27,'sophia.brown@x.dummyjson.com','Sophia Brown','sophiabrown','sophiabrown123'),(28,'aria.parker@x.dummyjson.com','Aria Parker','ariaparker','ariaparker123'),(29,'natalie.harris@x.dummyjson.com','Natalie Harris','natalieharris','natalieharris123'),(30,'ava.harris@x.dummyjson.com','Ava Harris','avaharris','avaharris123'),(31,'julian.newton@x.dummyjson.com','Julian Newton','juliannewton','juliannewton123'),(32,'madison.collins@x.dummyjson.com','Madison Collins','madisoncollins','madisoncollins123'),(33,'clara.berry@x.dummyjson.com','Clara Berry','claraberry','claraberry123'),(34,'tyler.davis@x.dummyjson.com','Tyler Davis','tylerdavis','tylerdavis123'),(35,'hannah.robinson@x.dummyjson.com','Hannah Robinson','hannahrobinson','hannahrobinson123'),(36,'madison.collins@x.dummyjson.com','Madison Collins','madisoncollins','madisoncollins123'),(37,'john.doe@x.dummyjson.com','John Doe','johndoe','johndoe123'),(38,'avery.carter@x.dummyjson.com','Avery Carter','averycarter','averycarter123'),(39,'evelyn.sanchez@x.dummyjson.com','Evelyn Sanchez','evelynsanchez','evelynsanchez123'),(40,'leah.gutierrez@x.dummyjson.com','Leah Gutierrez','leahgutierrez','leahgutierrez123'),(41,'nolan.gonzalez@x.dummyjson.com','Nolan Gonzalez','nolangonzalez','nolangonzalez123'),(42,'stella.morris@x.dummyjson.com','Stella Morris','stellamorris','stellamorris123'),(43,'charlotte.lopez@x.dummyjson.com','Charlotte Lopez','charlottelopez','charlottelopez123'),(44,'william.gonzalez@x.dummyjson.com','William Gonzalez','williamgonzalez','williamgonzalez123'),(45,'ava.harrison@x.dummyjson.com','Ava Harrison','avaharrison','avaharrison123'),(46,'logan.lee@x.dummyjson.com','Logan Lee','loganlee','loganlee123'),(47,'elena.long@x.dummyjson.com','Elena Long','elenalong','elenalong123'),(48,'grayson.coleman@x.dummyjson.com','Grayson Coleman','graysoncoleman','graysoncoleman123'),(49,'ethan.martinez@x.dummyjson.com','Ethan Martinez','ethanmartinez','ethanmartinez123'),(50,'owen.fisher@x.dummyjson.com','Owen Fisher','owenfisher','owenfisher123'),(51,'scarlett.wright@x.dummyjson.com','Scarlett Wright','scarlettwright','scarlettwright123'),(52,'mateo.bennett@x.dummyjson.com','Mateo Bennett','mateobennett','mateobennett123'),(53,'aurora.barnes@x.dummyjson.com','Aurora Barnes','aurorabarnes','aurorabarnes123'),(54,'ellie.stewart@x.dummyjson.com','Ellie Stewart','elliestewart','elliestewart123'),(55,'sophia.jones@x.dummyjson.com','Sophia Jones','sophiajones','sophiajones123'),(56,'maya.reed@x.dummyjson.com','Maya Reed','mayareed','mayareed123'),(57,'harper.turner@x.dummyjson.com','Harper Turner','harperturner','harperturner123'),(58,'mason.parker@x.dummyjson.com','Mason Parker','masonparker','masonparker123'),(59,'jonathan.pierce@x.dummyjson.com','Jonathan Pierce','jonathanpierce','jonathanpierce123'),(60,'alexander.hernandez@x.dummyjson.com','Alexander Hernandez','alexanderhernandez','alexanderhernandez123'),(61,'elijah.hill@x.dummyjson.com','Elijah Hill','elijahhill','elijahhill123'),(62,'liam.garcia@x.dummyjson.com','Liam Garcia','liamgarcia','liamgarcia123'),(63,'ella.cook@x.dummyjson.com','Ella Cook','ellacook','ellacook123'),(64,'leo.rivera@x.dummyjson.com','Leo Rivera','leorivera','leorivera123'),(65,'alexander.jones@x.dummyjson.com','Alexander Jones','alexanderjones','alexanderjones123'),(66,'addison.wright@x.dummyjson.com','Addison Wright','addisonwright','addisonwright123'),(67,'mateo.perez@x.dummyjson.com','Mateo Perez','mateoperez','mateoperez123'),(68,'cameron.perez@x.dummyjson.com','Cameron Perez','cameronperez','cameronperez123'),(69,'aurora.barnes@x.dummyjson.com','Aurora Barnes','aurorabarnes','aurorabarnes123'),(70,'michael.johnson@x.dummyjson.com','Michael Johnson','michaeljohnson','michaeljohnson123'),(71,'julian.newton@x.dummyjson.com','Julian Newton','juliannewton','juliannewton123'),(72,'lila.hudson@x.dummyjson.com','Lila Hudson','lilahudson','lilahudson123'),(73,'maya.reed@x.dummyjson.com','Maya Reed','mayareed','mayareed123'),(74,'madison.collins@x.dummyjson.com','Madison Collins','madisoncollins','madisoncollins123'),(75,'ethan.thompson@x.dummyjson.com','Ethan Thompson','ethanthompson','ethanthompson123'),(76,'mateo.bennett@x.dummyjson.com','Mateo Bennett','mateobennett','mateobennett123'),(77,'natalie.price@x.dummyjson.com','Natalie Price','natalieprice','natalieprice123'),(78,'avery.barnes@x.dummyjson.com','Avery Barnes','averybarnes','averybarnes123'),(79,'nicholas.bailey@x.dummyjson.com','Nicholas Bailey','nicholasbailey','nicholasbailey123'),(80,'gabriel.hayes@x.dummyjson.com','Gabriel Hayes','gabrielhayes','gabrielhayes123'),(81,'james.garcia@x.dummyjson.com','James Garcia','jamesgarcia','jamesgarcia123'),(82,'elena.baker@x.dummyjson.com','Elena Baker','elenabaker','elenabaker123'),(83,'madeline.simpson@x.dummyjson.com','Madeline Simpson','madelinesimpson','madelinesimpson123'),(84,'caleb.nelson@x.dummyjson.com','Caleb Nelson','calebnelson','calebnelson123'),(85,'leo.rivera@x.dummyjson.com','Leo Rivera','leorivera','leorivera123'),(86,'ethan.martinez@x.dummyjson.com','Ethan Martinez','ethanmartinez','ethanmartinez123'),(87,'max.parker@x.dummyjson.com','Max Parker','maxparker','maxparker123'),(88,'nora.russell@x.dummyjson.com','Nora Russell','norarussell','norarussell123'),(89,'dylan.wells@x.dummyjson.com','Dylan Wells','dylanwells','dylanwells123'),(90,'noah.hernandez@x.dummyjson.com','Noah Hernandez','noahhernandez','noahhernandez123'),(91,'lucas.gray@x.dummyjson.com','Lucas Gray','lucasgray','lucasgray123'),(92,'henry.hill@x.dummyjson.com','Henry Hill','henryhill','henryhill123'),(93,'elena.long@x.dummyjson.com','Elena Long','elenalong','elenalong123'),(94,'daniel.cook@x.dummyjson.com','Daniel Cook','danielcook','danielcook123'),(95,'nora.mills@x.dummyjson.com','Nora Mills','noramills','noramills123'),(96,'jacob.cooper@x.dummyjson.com','Jacob Cooper','jacobcooper','jacobcooper123'),(97,'leah.henderson@x.dummyjson.com','Leah Henderson','leahhenderson','leahhenderson123'),(98,'leah.hughes@x.dummyjson.com','Leah Hughes','leahhughes','leahhughes123'),(99,'carter.baker@x.dummyjson.com','Carter Baker','carterbaker','carterbaker123'),(100,'nolan.gonzalez@x.dummyjson.com','Nolan Gonzalez','nolangonzalez','nolangonzalez123'),(101,'carter.baker@x.dummyjson.com','Carter Baker','carterbaker','carterbaker123'),(102,'emily.johnson@x.dummyjson.com','Emily Johnson','emilyjohnson','emilyjohnson123'),(103,'sophia.brown@x.dummyjson.com','Sophia Brown','sophiabrown','sophiabrown123'),(104,'gabriel.mitchell@x.dummyjson.com','Gabriel Mitchell','gabrielmitchell','gabrielmitchell123'),(105,'elijah.stewart@x.dummyjson.com','Elijah Stewart','elijahstewart','elijahstewart123'),(106,'logan.lawson@x.dummyjson.com','Logan Lawson','loganlawson','loganlawson123'),(107,'julian.james@x.dummyjson.com','Julian James','julianjames','julianjames123'),(108,'hazel.evans@x.dummyjson.com','Hazel Evans','hazelevans','hazelevans123'),(109,'james.davis@x.dummyjson.com','James Davis','jamesdavis','jamesdavis123'),(110,'chloe.morales@x.dummyjson.com','Chloe Morales','chloemorales','chloemorales123'),(111,'aaron.cook@x.dummyjson.com','Aaron Cook','aaroncook','aaroncook123'),(112,'hazel.gardner@x.dummyjson.com','Hazel Gardner','hazelgardner','hazelgardner123'),(113,'gabriel.adams@x.dummyjson.com','Gabriel Adams','gabrieladams','gabrieladams123'),(114,'jack.ward@x.dummyjson.com','Jack Ward','jackward','jackward123'),(115,'ella.cook@x.dummyjson.com','Ella Cook','ellacook','ellacook123'),(116,'liam.garcia@x.dummyjson.com','Liam Garcia','liamgarcia','liamgarcia123'),(117,'autumn.gomez@x.dummyjson.com','Autumn Gomez','autumngomez','autumngomez123'),(118,'charlotte.lopez@x.dummyjson.com','Charlotte Lopez','charlottelopez','charlottelopez123'),(119,'grace.green@x.dummyjson.com','Grace Green','gracegreen','gracegreen123'),(120,'logan.torres@x.dummyjson.com','Logan Torres','logantorres','logantorres123'),(121,'stella.morris@x.dummyjson.com','Stella Morris','stellamorris','stellamorris123'),(122,'harper.turner@x.dummyjson.com','Harper Turner','harperturner','harperturner123'),(123,'luna.russell@x.dummyjson.com','Luna Russell','lunarussell','lunarussell123'),(124,'lillian.simmons@x.dummyjson.com','Lillian Simmons','lilliansimmons','lilliansimmons123'),(125,'emily.brown@x.dummyjson.com','Emily Brown','emilybrown','emilybrown123'),(126,'cameron.perez@x.dummyjson.com','Cameron Perez','cameronperez','cameronperez123'),(127,'aria.roberts@x.dummyjson.com','Aria Roberts','ariaroberts','ariaroberts123'),(128,'caleb.perkins@x.dummyjson.com','Caleb Perkins','calebperkins','calebperkins123'),(129,'aria.roberts@x.dummyjson.com','Aria Roberts','ariaroberts','ariaroberts123'),(130,'logan.torres@x.dummyjson.com','Logan Torres','logantorres','logantorres123'),(131,'william.gonzalez@x.dummyjson.com','William Gonzalez','williamgonzalez','williamgonzalez123'),(132,'amelia.perez@x.dummyjson.com','Amelia Perez','ameliaperez','ameliaperez123'),(133,'olivia.anderson@x.dummyjson.com','Olivia Anderson','oliviaanderson','oliviaanderson123'),(134,'grace.perry@x.dummyjson.com','Grace Perry','graceperry','graceperry123'),(135,'emma.wilson@x.dummyjson.com','Emma Wilson','emmawilson','emmawilson123'),(136,'harper.turner@x.dummyjson.com','Harper Turner','harperturner','harperturner123'),(137,'leah.gutierrez@x.dummyjson.com','Leah Gutierrez','leahgutierrez','leahgutierrez123'),(138,'sadie.morales@x.dummyjson.com','Sadie Morales','sadiemorales','sadiemorales123'),(139,'mateo.nguyen@x.dummyjson.com','Mateo Nguyen','mateonguyen','mateonguyen123'),(140,'james.garcia@x.dummyjson.com','James Garcia','jamesgarcia','jamesgarcia123'),(141,'henry.turner@x.dummyjson.com','Henry Turner','henryturner','henryturner123'),(142,'olivia.anderson@x.dummyjson.com','Olivia Anderson','oliviaanderson','oliviaanderson123'),(143,'grayson.coleman@x.dummyjson.com','Grayson Coleman','graysoncoleman','graysoncoleman123'),(144,'mia.miller@x.dummyjson.com','Mia Miller','miamiller','miamiller123'),(145,'bella.grant@x.dummyjson.com','Bella Grant','bellagrant','bellagrant123'),(146,'layla.young@x.dummyjson.com','Layla Young','laylayoung','laylayoung123'),(147,'wyatt.perry@x.dummyjson.com','Wyatt Perry','wyattperry','wyattperry123'),(148,'claire.foster@x.dummyjson.com','Claire Foster','clairefoster','clairefoster123'),(149,'sophia.jones@x.dummyjson.com','Sophia Jones','sophiajones','sophiajones123'),(150,'avery.scott@x.dummyjson.com','Avery Scott','averyscott','averyscott123'),(151,'sadie.morales@x.dummyjson.com','Sadie Morales','sadiemorales','sadiemorales123'),(152,'elijah.hill@x.dummyjson.com','Elijah Hill','elijahhill','elijahhill123'),(153,'owen.sullivan@x.dummyjson.com','Owen Sullivan','owensullivan','owensullivan123'),(154,'grace.green@x.dummyjson.com','Grace Green','gracegreen','gracegreen123'),(155,'avery.barnes@x.dummyjson.com','Avery Barnes','averybarnes','averybarnes123'),(156,'aubrey.wagner@x.dummyjson.com','Aubrey Wagner','aubreywagner','aubreywagner123'),(157,'emma.miller@x.dummyjson.com','Emma Miller','emmamiller','emmamiller123'),(158,'nora.mills@x.dummyjson.com','Nora Mills','noramills','noramills123'),(159,'evelyn.gonzalez@x.dummyjson.com','Evelyn Gonzalez','evelyngonzalez','evelyngonzalez123'),(160,'bella.gonzalez@x.dummyjson.com','Bella Gonzalez','bellagonzalez','bellagonzalez123'),(161,'alexander.hernandez@x.dummyjson.com','Alexander Hernandez','alexanderhernandez','alexanderhernandez123'),(162,'ella.cook@x.dummyjson.com','Ella Cook','ellacook','ellacook123'),(163,'ava.taylor@x.dummyjson.com','Ava Taylor','avataylor','avataylor123'),(164,'nicholas.edwards@x.dummyjson.com','Nicholas Edwards','nicholasedwards','nicholasedwards123'),(165,'david.martinez@x.dummyjson.com','David Martinez','davidmartinez','davidmartinez123'),(166,'samantha.howard@x.dummyjson.com','Samantha Howard','samanthahoward','samanthahoward123'),(167,'brayden.hill@x.dummyjson.com','Brayden Hill','braydenhill','braydenhill123'),(168,'addison.wright@x.dummyjson.com','Addison Wright','addisonwright','addisonwright123'),(169,'jack.ward@x.dummyjson.com','Jack Ward','jackward','jackward123'),(170,'john.doe@x.dummyjson.com','John Doe','johndoe','johndoe123'),(171,'liam.smith@x.dummyjson.com','Liam Smith','liamsmith','liamsmith123'),(172,'mia.miller@x.dummyjson.com','Mia Miller','miamiller','miamiller123'),(173,'aurora.rodriguez@x.dummyjson.com','Aurora Rodriguez','aurorarodriguez','aurorarodriguez123'),(174,'jacob.cooper@x.dummyjson.com','Jacob Cooper','jacobcooper','jacobcooper123'),(175,'henry.adams@x.dummyjson.com','Henry Adams','henryadams','henryadams123'),(176,'hazel.gardner@x.dummyjson.com','Hazel Gardner','hazelgardner','hazelgardner123'),(177,'xavier.wright@x.dummyjson.com','Xavier Wright','xavierwright','xavierwright123'),(178,'jackson.morales@x.dummyjson.com','Jackson Morales','jacksonmorales','jacksonmorales123'),(179,'liam.garcia@x.dummyjson.com','Liam Garcia','liamgarcia','liamgarcia123'),(180,'oscar.powers@x.dummyjson.com','Oscar Powers','oscarpowers','oscarpowers123'),(181,'chloe.morales@x.dummyjson.com','Chloe Morales','chloemorales','chloemorales123'),(182,'eleanor.tyler@x.dummyjson.com','Eleanor Tyler','eleanortyler','eleanortyler123'),(183,'stella.morris@x.dummyjson.com','Stella Morris','stellamorris','stellamorris123'),(184,'mia.miller@x.dummyjson.com','Mia Miller','miamiller','miamiller123'),(185,'emma.miller@x.dummyjson.com','Emma Miller','emmamiller','emmamiller123'),(186,'isabella.anderson@x.dummyjson.com','Isabella Anderson','isabellaanderson','isabellaanderson123'),(187,'charlotte.davis@x.dummyjson.com','Charlotte Davis','charlottedavis','charlottedavis123'),(188,'leah.hughes@x.dummyjson.com','Leah Hughes','leahhughes','leahhughes123'),(189,'daniel.taylor@x.dummyjson.com','Daniel Taylor','danieltaylor','danieltaylor123'),(190,'benjamin.foster@x.dummyjson.com','Benjamin Foster','benjaminfoster','benjaminfoster123'),(191,'daniel.taylor@x.dummyjson.com','Daniel Taylor','danieltaylor','danieltaylor123'),(192,'hannah.robinson@x.dummyjson.com','Hannah Robinson','hannahrobinson','hannahrobinson123'),(193,'abigail.rivera@x.dummyjson.com','Abigail Rivera','abigailrivera','abigailrivera123'),(194,'mason.wright@x.dummyjson.com','Mason Wright','masonwright','masonwright123'),(195,'hunter.gordon@x.dummyjson.com','Hunter Gordon','huntergordon','huntergordon123'),(196,'ava.harrison@x.dummyjson.com','Ava Harrison','avaharrison','avaharrison123'),(197,'liam.gonzalez@x.dummyjson.com','Liam Gonzalez','liamgonzalez','liamgonzalez123'),(198,'avery.carter@x.dummyjson.com','Avery Carter','averycarter','averycarter123'),(199,'mia.miller@x.dummyjson.com','Mia Miller','miamiller','miamiller123'),(200,'cameron.perez@x.dummyjson.com','Cameron Perez','cameronperez','cameronperez123'),(201,'lily.torres@x.dummyjson.com','Lily Torres','lilytorres','lilytorres123'),(202,'chloe.morales@x.dummyjson.com','Chloe Morales','chloemorales','chloemorales123'),(203,'sophia.brown@x.dummyjson.com','Sophia Brown','sophiabrown','sophiabrown123'),(204,'max.russell@x.dummyjson.com','Max Russell','maxrussell','maxrussell123'),(205,'gavin.stanley@x.dummyjson.com','Gavin Stanley','gavinstanley','gavinstanley123'),(206,'mateo.bennett@x.dummyjson.com','Mateo Bennett','mateobennett','mateobennett123'),(207,'elena.long@x.dummyjson.com','Elena Long','elenalong','elenalong123'),(208,'nolan.bryant@x.dummyjson.com','Nolan Bryant','nolanbryant','nolanbryant123'),(209,'elijah.cruz@x.dummyjson.com','Elijah Cruz','elijahcruz','elijahcruz123'),(210,'nova.cooper@x.dummyjson.com','Nova Cooper','novacooper','novacooper123'),(211,'addison.wright@x.dummyjson.com','Addison Wright','addisonwright','addisonwright123'),(212,'ava.taylor@x.dummyjson.com','Ava Taylor','avataylor','avataylor123'),(213,'avery.scott@x.dummyjson.com','Avery Scott','averyscott','averyscott123'),(214,'julian.newton@x.dummyjson.com','Julian Newton','juliannewton','juliannewton123'),(215,'scarlett.wright@x.dummyjson.com','Scarlett Wright','scarlettwright','scarlettwright123'),(216,'leah.hughes@x.dummyjson.com','Leah Hughes','leahhughes','leahhughes123'),(217,'elena.baker@x.dummyjson.com','Elena Baker','elenabaker','elenabaker123'),(218,'elijah.cruz@x.dummyjson.com','Elijah Cruz','elijahcruz','elijahcruz123'),(219,'penelope.king@x.dummyjson.com','Penelope King','penelopeking','penelopeking123'),(220,'sophia.jones@x.dummyjson.com','Sophia Jones','sophiajones','sophiajones123'),(221,'wyatt.perry@x.dummyjson.com','Wyatt Perry','wyattperry','wyattperry123'),(222,'chloe.roberts@x.dummyjson.com','Chloe Roberts','chloeroberts','chloeroberts123'),(223,'lily.lee@x.dummyjson.com','Lily Lee','lilylee','lilylee123'),(224,'emma.wilson@x.dummyjson.com','Emma Wilson','emmawilson','emmawilson123'),(225,'ava.taylor@x.dummyjson.com','Ava Taylor','avataylor','avataylor123'),(226,'brayden.hill@x.dummyjson.com','Brayden Hill','braydenhill','braydenhill123'),(227,'samantha.howard@x.dummyjson.com','Samantha Howard','samanthahoward','samanthahoward123'),(228,'ruby.andrews@x.dummyjson.com','Ruby Andrews','rubyandrews','rubyandrews123'),(229,'harper.garcia@x.dummyjson.com','Harper Garcia','harpergarcia','harpergarcia123'),(230,'liam.garcia@x.dummyjson.com','Liam Garcia','liamgarcia','liamgarcia123'),(231,'jacob.cooper@x.dummyjson.com','Jacob Cooper','jacobcooper','jacobcooper123'),(232,'hunter.gordon@x.dummyjson.com','Hunter Gordon','huntergordon','huntergordon123'),(233,'emma.wilson@x.dummyjson.com','Emma Wilson','emmawilson','emmawilson123'),(234,'david.martinez@x.dummyjson.com','David Martinez','davidmartinez','davidmartinez123'),(235,'jack.ward@x.dummyjson.com','Jack Ward','jackward','jackward123'),(236,'ava.harris@x.dummyjson.com','Ava Harris','avaharris','avaharris123'),(237,'brayden.fleming@x.dummyjson.com','Brayden Fleming','braydenfleming','braydenfleming123'),(238,'samantha.howard@x.dummyjson.com','Samantha Howard','samanthahoward','samanthahoward123'),(239,'daniel.cook@x.dummyjson.com','Daniel Cook','danielcook','danielcook123'),(240,'brayden.fleming@x.dummyjson.com','Brayden Fleming','braydenfleming','braydenfleming123'),(241,'paisley.bell@x.dummyjson.com','Paisley Bell','paisleybell','paisleybell123'),(242,'lincoln.kelly@x.dummyjson.com','Lincoln Kelly','lincolnkelly','lincolnkelly123'),(243,'luna.russell@x.dummyjson.com','Luna Russell','lunarussell','lunarussell123'),(244,'julian.newton@x.dummyjson.com','Julian Newton','juliannewton','juliannewton123'),(245,'grace.perry@x.dummyjson.com','Grace Perry','graceperry','graceperry123'),(246,'daniel.taylor@x.dummyjson.com','Daniel Taylor','danieltaylor','danieltaylor123'),(247,'mason.parker@x.dummyjson.com','Mason Parker','masonparker','masonparker123'),(248,'avery.perez@x.dummyjson.com','Avery Perez','averyperez','averyperez123'),(249,'nathan.reed@x.dummyjson.com','Nathan Reed','nathanreed','nathanreed123'),(250,'logan.lawson@x.dummyjson.com','Logan Lawson','loganlawson','loganlawson123'),(251,'logan.lawson@x.dummyjson.com','Logan Lawson','loganlawson','loganlawson123'),(252,'oscar.powers@x.dummyjson.com','Oscar Powers','oscarpowers','oscarpowers123'),(253,'nora.mills@x.dummyjson.com','Nora Mills','noramills','noramills123'),(254,'addison.ward@x.dummyjson.com','Addison Ward','addisonward','addisonward123'),(255,'emily.brown@x.dummyjson.com','Emily Brown','emilybrown','emilybrown123'),(256,'caleb.nelson@x.dummyjson.com','Caleb Nelson','calebnelson','calebnelson123'),(257,'emily.johnson@x.dummyjson.com','Emily Johnson','emilyjohnson','emilyjohnson123'),(258,'mila.hernandez@x.dummyjson.com','Mila Hernandez','milahernandez','milahernandez123'),(259,'elena.long@x.dummyjson.com','Elena Long','elenalong','elenalong123'),(260,'mason.parker@x.dummyjson.com','Mason Parker','masonparker','masonparker123'),(261,'sofia.mitchell@x.dummyjson.com','Sofia Mitchell','sofiamitchell','sofiamitchell123'),(262,'victoria.mcdonald@x.dummyjson.com','Victoria McDonald','victoriamcdonald','victoriamcdonald123'),(263,'mason.parker@x.dummyjson.com','Mason Parker','masonparker','masonparker123'),(264,'avery.perez@x.dummyjson.com','Avery Perez','averyperez','averyperez123'),(265,'william.gonzalez@x.dummyjson.com','William Gonzalez','williamgonzalez','williamgonzalez123'),(266,'sophia.brown@x.dummyjson.com','Sophia Brown','sophiabrown','sophiabrown123'),(267,'gabriel.mitchell@x.dummyjson.com','Gabriel Mitchell','gabrielmitchell','gabrielmitchell123'),(268,'lucas.allen@x.dummyjson.com','Lucas Allen','lucasallen','lucasallen123'),(269,'mason.pearson@x.dummyjson.com','Mason Pearson','masonpearson','masonpearson123'),(270,'hunter.gordon@x.dummyjson.com','Hunter Gordon','huntergordon','huntergordon123'),(271,'james.garcia@x.dummyjson.com','James Garcia','jamesgarcia','jamesgarcia123'),(272,'nora.russell@x.dummyjson.com','Nora Russell','norarussell','norarussell123'),(273,'aurora.rodriguez@x.dummyjson.com','Aurora Rodriguez','aurorarodriguez','aurorarodriguez123'),(274,'madeline.simpson@x.dummyjson.com','Madeline Simpson','madelinesimpson','madelinesimpson123'),(275,'mateo.nguyen@x.dummyjson.com','Mateo Nguyen','mateonguyen','mateonguyen123'),(276,'ethan.fletcher@x.dummyjson.com','Ethan Fletcher','ethanfletcher','ethanfletcher123'),(277,'oscar.powers@x.dummyjson.com','Oscar Powers','oscarpowers','oscarpowers123'),(278,'eli.ward@x.dummyjson.com','Eli Ward','eliward','eliward123'),(279,'stella.hughes@x.dummyjson.com','Stella Hughes','stellahughes','stellahughes123'),(280,'jack.ward@x.dummyjson.com','Jack Ward','jackward','jackward123'),(281,'victoria.mcdonald@x.dummyjson.com','Victoria McDonald','victoriamcdonald','victoriamcdonald123'),(282,'mia.rodriguez@x.dummyjson.com','Mia Rodriguez','miarodriguez','miarodriguez123'),(283,'gavin.stanley@x.dummyjson.com','Gavin Stanley','gavinstanley','gavinstanley123'),(284,'stella.hughes@x.dummyjson.com','Stella Hughes','stellahughes','stellahughes123'),(285,'paisley.bell@x.dummyjson.com','Paisley Bell','paisleybell','paisleybell123'),(286,'sophia.jones@x.dummyjson.com','Sophia Jones','sophiajones','sophiajones123'),(287,'jacob.cooper@x.dummyjson.com','Jacob Cooper','jacobcooper','jacobcooper123'),(288,'elijah.cruz@x.dummyjson.com','Elijah Cruz','elijahcruz','elijahcruz123'),(289,'max.russell@x.dummyjson.com','Max Russell','maxrussell','maxrussell123'),(290,'jonathan.pierce@x.dummyjson.com','Jonathan Pierce','jonathanpierce','jonathanpierce123'),(291,'asher.scott@x.dummyjson.com','Asher Scott','asherscott','asherscott123'),(292,'emily.brown@x.dummyjson.com','Emily Brown','emilybrown','emilybrown123'),(293,'nova.cooper@x.dummyjson.com','Nova Cooper','novacooper','novacooper123'),(294,'julian.james@x.dummyjson.com','Julian James','julianjames','julianjames123'),(295,'nora.mills@x.dummyjson.com','Nora Mills','noramills','noramills123'),(296,'ava.taylor@x.dummyjson.com','Ava Taylor','avataylor','avataylor123'),(297,'aria.flores@x.dummyjson.com','Aria Flores','ariaflores','ariaflores123'),(298,'aaliyah.hanson@x.dummyjson.com','Aaliyah Hanson','aaliyahhanson','aaliyahhanson123'),(299,'leah.gutierrez@x.dummyjson.com','Leah Gutierrez','leahgutierrez','leahgutierrez123'),(300,'jace.smith@x.dummyjson.com','Jace Smith','jacesmith','jacesmith123'),(301,'harper.kelly@x.dummyjson.com','Harper Kelly','harperkelly','harperkelly123'),(302,'abigail.rivera@x.dummyjson.com','Abigail Rivera','abigailrivera','abigailrivera123'),(303,'nora.russell@x.dummyjson.com','Nora Russell','norarussell','norarussell123'),(304,'bella.gonzalez@x.dummyjson.com','Bella Gonzalez','bellagonzalez','bellagonzalez123'),(305,'eli.bennett@x.dummyjson.com','Eli Bennett','elibennett','elibennett123'),(306,'cameron.perez@x.dummyjson.com','Cameron Perez','cameronperez','cameronperez123'),(307,'evelyn.gonzalez@x.dummyjson.com','Evelyn Gonzalez','evelyngonzalez','evelyngonzalez123'),(308,'mateo.perez@x.dummyjson.com','Mateo Perez','mateoperez','mateoperez123'),(309,'nora.mills@x.dummyjson.com','Nora Mills','noramills','noramills123'),(310,'emily.johnson@x.dummyjson.com','Emily Johnson','emilyjohnson','emilyjohnson123'),(311,'charlotte.lopez@x.dummyjson.com','Charlotte Lopez','charlottelopez','charlottelopez123'),(312,'cameron.perez@x.dummyjson.com','Cameron Perez','cameronperez','cameronperez123'),(313,'hazel.gardner@x.dummyjson.com','Hazel Gardner','hazelgardner','hazelgardner123'),(314,'aurora.rodriguez@x.dummyjson.com','Aurora Rodriguez','aurorarodriguez','aurorarodriguez123'),(315,'victoria.mcdonald@x.dummyjson.com','Victoria McDonald','victoriamcdonald','victoriamcdonald123'),(316,'ellie.stewart@x.dummyjson.com','Ellie Stewart','elliestewart','elliestewart123'),(317,'grayson.coleman@x.dummyjson.com','Grayson Coleman','graysoncoleman','graysoncoleman123'),(318,'alice.smith@x.dummyjson.com','Alice Smith','alicesmith','alicesmith123'),(319,'hannah.robinson@x.dummyjson.com','Hannah Robinson','hannahrobinson','hannahrobinson123'),(320,'grace.perry@x.dummyjson.com','Grace Perry','graceperry','graceperry123'),(321,'grayson.coleman@x.dummyjson.com','Grayson Coleman','graysoncoleman','graysoncoleman123'),(322,'isaac.lawrence@x.dummyjson.com','Isaac Lawrence','isaaclawrence','isaaclawrence123'),(323,'emily.johnson@x.dummyjson.com','Emily Johnson','emilyjohnson','emilyjohnson123'),(324,'mateo.bennett@x.dummyjson.com','Mateo Bennett','mateobennett','mateobennett123'),(325,'austin.hudson@x.dummyjson.com','Austin Hudson','austinhudson','austinhudson123'),(326,'austin.hudson@x.dummyjson.com','Austin Hudson','austinhudson','austinhudson123'),(327,'gabriel.mitchell@x.dummyjson.com','Gabriel Mitchell','gabrielmitchell','gabrielmitchell123'),(328,'hannah.howard@x.dummyjson.com','Hannah Howard','hannahhoward','hannahhoward123'),(329,'william.gonzalez@x.dummyjson.com','William Gonzalez','williamgonzalez','williamgonzalez123'),(330,'amelia.perez@x.dummyjson.com','Amelia Perez','ameliaperez','ameliaperez123'),(331,'aaron.cook@x.dummyjson.com','Aaron Cook','aaroncook','aaroncook123'),(332,'emma.wilson@x.dummyjson.com','Emma Wilson','emmawilson','emmawilson123'),(333,'mia.miller@x.dummyjson.com','Mia Miller','miamiller','miamiller123'),(334,'mia.miller@x.dummyjson.com','Mia Miller','miamiller','miamiller123'),(335,'harper.kelly@x.dummyjson.com','Harper Kelly','harperkelly','harperkelly123'),(336,'lucas.allen@x.dummyjson.com','Lucas Allen','lucasallen','lucasallen123'),(337,'mia.rodriguez@x.dummyjson.com','Mia Rodriguez','miarodriguez','miarodriguez123'),(338,'owen.sullivan@x.dummyjson.com','Owen Sullivan','owensullivan','owensullivan123'),(339,'nicholas.edwards@x.dummyjson.com','Nicholas Edwards','nicholasedwards','nicholasedwards123'),(340,'penelope.harper@x.dummyjson.com','Penelope Harper','penelopeharper','penelopeharper123'),(341,'natalie.harris@x.dummyjson.com','Natalie Harris','natalieharris','natalieharris123'),(342,'dylan.wells@x.dummyjson.com','Dylan Wells','dylanwells','dylanwells123'),(343,'aaliyah.hanson@x.dummyjson.com','Aaliyah Hanson','aaliyahhanson','aaliyahhanson123'),(344,'jacob.cooper@x.dummyjson.com','Jacob Cooper','jacobcooper','jacobcooper123'),(345,'samantha.martinez@x.dummyjson.com','Samantha Martinez','samanthamartinez','samanthamartinez123'),(346,'ariana.ross@x.dummyjson.com','Ariana Ross','arianaross','arianaross123'),(347,'eleanor.collins@x.dummyjson.com','Eleanor Collins','eleanorcollins','eleanorcollins123'),(348,'lily.lee@x.dummyjson.com','Lily Lee','lilylee','lilylee123'),(349,'aurora.lawson@x.dummyjson.com','Aurora Lawson','auroralawson','auroralawson123'),(350,'penelope.harper@x.dummyjson.com','Penelope Harper','penelopeharper','penelopeharper123'),(351,'lily.lee@x.dummyjson.com','Lily Lee','lilylee','lilylee123'),(352,'luke.cooper@x.dummyjson.com','Luke Cooper','lukecooper','lukecooper123'),(353,'mason.parker@x.dummyjson.com','Mason Parker','masonparker','masonparker123'),(354,'ella.adams@x.dummyjson.com','Ella Adams','ellaadams','ellaadams123'),(355,'miles.stevenson@x.dummyjson.com','Miles Stevenson','milesstevenson','milesstevenson123'),(356,'ethan.thompson@x.dummyjson.com','Ethan Thompson','ethanthompson','ethanthompson123'),(357,'henry.hill@x.dummyjson.com','Henry Hill','henryhill','henryhill123'),(358,'carter.rivera@x.dummyjson.com','Carter Rivera','carterrivera','carterrivera123'),(359,'jackson.morales@x.dummyjson.com','Jackson Morales','jacksonmorales','jacksonmorales123'),(360,'grace.green@x.dummyjson.com','Grace Green','gracegreen','gracegreen123'),(361,'wyatt.perry@x.dummyjson.com','Wyatt Perry','wyattperry','wyattperry123'),(362,'olivia.anderson@x.dummyjson.com','Olivia Anderson','oliviaanderson','oliviaanderson123'),(363,'mateo.nguyen@x.dummyjson.com','Mateo Nguyen','mateonguyen','mateonguyen123'),(364,'nicholas.bailey@x.dummyjson.com','Nicholas Bailey','nicholasbailey','nicholasbailey123'),(365,'clara.berry@x.dummyjson.com','Clara Berry','claraberry','claraberry123'),(366,'gavin.stanley@x.dummyjson.com','Gavin Stanley','gavinstanley','gavinstanley123'),(367,'aria.roberts@x.dummyjson.com','Aria Roberts','ariaroberts','ariaroberts123'),(368,'ryan.graham@x.dummyjson.com','Ryan Graham','ryangraham','ryangraham123'),(369,'mason.wright@x.dummyjson.com','Mason Wright','masonwright','masonwright123'),(370,'eleanor.tyler@x.dummyjson.com','Eleanor Tyler','eleanortyler','eleanortyler123'),(371,'maya.reed@x.dummyjson.com','Maya Reed','mayareed','mayareed123'),(372,'elena.baker@x.dummyjson.com','Elena Baker','elenabaker','elenabaker123'),(373,'owen.fisher@x.dummyjson.com','Owen Fisher','owenfisher','owenfisher123'),(374,'jack.ward@x.dummyjson.com','Jack Ward','jackward','jackward123'),(375,'nora.mills@x.dummyjson.com','Nora Mills','noramills','noramills123'),(376,'benjamin.foster@x.dummyjson.com','Benjamin Foster','benjaminfoster','benjaminfoster123'),(377,'lillian.bishop@x.dummyjson.com','Lillian Bishop','lillianbishop','lillianbishop123'),(378,'harper.garcia@x.dummyjson.com','Harper Garcia','harpergarcia','harpergarcia123'),(379,'penelope.harper@x.dummyjson.com','Penelope Harper','penelopeharper','penelopeharper123'),(380,'nathan.reed@x.dummyjson.com','Nathan Reed','nathanreed','nathanreed123'),(381,'madison.stewart@x.dummyjson.com','Madison Stewart','madisonstewart','madisonstewart123'),(382,'ava.harrison@x.dummyjson.com','Ava Harrison','avaharrison','avaharrison123'),(383,'sophia.brown@x.dummyjson.com','Sophia Brown','sophiabrown','sophiabrown123'),(384,'grace.perry@x.dummyjson.com','Grace Perry','graceperry','graceperry123'),(385,'benjamin.foster@x.dummyjson.com','Benjamin Foster','benjaminfoster','benjaminfoster123'),(386,'madison.collins@x.dummyjson.com','Madison Collins','madisoncollins','madisoncollins123'),(387,'emily.johnson@x.dummyjson.com','Emily Johnson','emilyjohnson','emilyjohnson123'),(388,'hannah.howard@x.dummyjson.com','Hannah Howard','hannahhoward','hannahhoward123'),(389,'claire.foster@x.dummyjson.com','Claire Foster','clairefoster','clairefoster123'),(390,'nora.russell@x.dummyjson.com','Nora Russell','norarussell','norarussell123'),(391,'jace.smith@x.dummyjson.com','Jace Smith','jacesmith','jacesmith123'),(392,'ruby.andrews@x.dummyjson.com','Ruby Andrews','rubyandrews','rubyandrews123'),(393,'aria.roberts@x.dummyjson.com','Aria Roberts','ariaroberts','ariaroberts123'),(394,'christopher.west@x.dummyjson.com','Christopher West','christopherwest','christopherwest123'),(395,'hazel.evans@x.dummyjson.com','Hazel Evans','hazelevans','hazelevans123'),(396,'luna.russell@x.dummyjson.com','Luna Russell','lunarussell','lunarussell123'),(397,'grace.perry@x.dummyjson.com','Grace Perry','graceperry','graceperry123'),(398,'elijah.hill@x.dummyjson.com','Elijah Hill','elijahhill','elijahhill123'),(399,'eleanor.tyler@x.dummyjson.com','Eleanor Tyler','eleanortyler','eleanortyler123'),(400,'alice.smith@x.dummyjson.com','Alice Smith','alicesmith','alicesmith123'),(401,'harper.kelly@x.dummyjson.com','Harper Kelly','harperkelly','harperkelly123'),(402,'lillian.simmons@x.dummyjson.com','Lillian Simmons','lilliansimmons','lilliansimmons123'),(403,'elijah.stewart@x.dummyjson.com','Elijah Stewart','elijahstewart','elijahstewart123'),(404,'aria.roberts@x.dummyjson.com','Aria Roberts','ariaroberts','ariaroberts123'),(405,'hannah.howard@x.dummyjson.com','Hannah Howard','hannahhoward','hannahhoward123'),(406,'logan.lee@x.dummyjson.com','Logan Lee','loganlee','loganlee123'),(407,'nolan.gonzalez@x.dummyjson.com','Nolan Gonzalez','nolangonzalez','nolangonzalez123'),(408,'bella.grant@x.dummyjson.com','Bella Grant','bellagrant','bellagrant123'),(409,'jaxon.barnes@x.dummyjson.com','Jaxon Barnes','jaxonbarnes','jaxonbarnes123'),(410,'aurora.lawson@x.dummyjson.com','Aurora Lawson','auroralawson','auroralawson123'),(411,'evan.reed@x.dummyjson.com','Evan Reed','evanreed','evanreed123'),(412,'henry.adams@x.dummyjson.com','Henry Adams','henryadams','henryadams123'),(413,'zoe.bennett@x.dummyjson.com','Zoe Bennett','zoebennett','zoebennett123'),(414,'henry.turner@x.dummyjson.com','Henry Turner','henryturner','henryturner123'),(415,'julian.james@x.dummyjson.com','Julian James','julianjames','julianjames123'),(416,'samantha.martinez@x.dummyjson.com','Samantha Martinez','samanthamartinez','samanthamartinez123'),(417,'layla.sullivan@x.dummyjson.com','Layla Sullivan','laylasullivan','laylasullivan123'),(418,'luna.russell@x.dummyjson.com','Luna Russell','lunarussell','lunarussell123'),(419,'asher.scott@x.dummyjson.com','Asher Scott','asherscott','asherscott123'),(420,'max.russell@x.dummyjson.com','Max Russell','maxrussell','maxrussell123'),(421,'lily.lee@x.dummyjson.com','Lily Lee','lilylee','lilylee123'),(422,'avery.carter@x.dummyjson.com','Avery Carter','averycarter','averycarter123'),(423,'miles.stevenson@x.dummyjson.com','Miles Stevenson','milesstevenson','milesstevenson123'),(424,'noah.lewis@x.dummyjson.com','Noah Lewis','noahlewis','noahlewis123'),(425,'paisley.bell@x.dummyjson.com','Paisley Bell','paisleybell','paisleybell123'),(426,'michael.williams@x.dummyjson.com','Michael Williams','michaelwilliams','michaelwilliams123'),(427,'aria.flores@x.dummyjson.com','Aria Flores','ariaflores','ariaflores123'),(428,'luna.perez@x.dummyjson.com','Luna Perez','lunaperez','lunaperez123'),(429,'tristan.scott@x.dummyjson.com','Tristan Scott','tristanscott','tristanscott123'),(430,'autumn.gomez@x.dummyjson.com','Autumn Gomez','autumngomez','autumngomez123'),(431,'charlotte.davis@x.dummyjson.com','Charlotte Davis','charlottedavis','charlottedavis123'),(432,'charlotte.davis@x.dummyjson.com','Charlotte Davis','charlottedavis','charlottedavis123'),(433,'daniel.taylor@x.dummyjson.com','Daniel Taylor','danieltaylor','danieltaylor123'),(434,'austin.hudson@x.dummyjson.com','Austin Hudson','austinhudson','austinhudson123'),(435,'chloe.morales@x.dummyjson.com','Chloe Morales','chloemorales','chloemorales123'),(436,'mason.parker@x.dummyjson.com','Mason Parker','masonparker','masonparker123'),(437,'claire.foster@x.dummyjson.com','Claire Foster','clairefoster','clairefoster123'),(438,'owen.sullivan@x.dummyjson.com','Owen Sullivan','owensullivan','owensullivan123'),(439,'levi.hicks@x.dummyjson.com','Levi Hicks','levihicks','levihicks123'),(440,'james.garcia@x.dummyjson.com','James Garcia','jamesgarcia','jamesgarcia123'),(441,'ellie.stewart@x.dummyjson.com','Ellie Stewart','elliestewart','elliestewart123'),(442,'leo.rivera@x.dummyjson.com','Leo Rivera','leorivera','leorivera123'),(443,'hunter.gordon@x.dummyjson.com','Hunter Gordon','huntergordon','huntergordon123'),(444,'michael.williams@x.dummyjson.com','Michael Williams','michaelwilliams','michaelwilliams123'),(445,'mateo.bennett@x.dummyjson.com','Mateo Bennett','mateobennett','mateobennett123'),(446,'hannah.robinson@x.dummyjson.com','Hannah Robinson','hannahrobinson','hannahrobinson123'),(447,'leo.rivera@x.dummyjson.com','Leo Rivera','leorivera','leorivera123'),(448,'mason.pearson@x.dummyjson.com','Mason Pearson','masonpearson','masonpearson123'),(449,'logan.torres@x.dummyjson.com','Logan Torres','logantorres','logantorres123'),(450,'lillian.simmons@x.dummyjson.com','Lillian Simmons','lilliansimmons','lilliansimmons123'),(451,'daniel.cook@x.dummyjson.com','Daniel Cook','danielcook','danielcook123'),(452,'aaron.cook@x.dummyjson.com','Aaron Cook','aaroncook','aaroncook123'),(453,'aurora.rodriguez@x.dummyjson.com','Aurora Rodriguez','aurorarodriguez','aurorarodriguez123'),(454,'nova.cooper@x.dummyjson.com','Nova Cooper','novacooper','novacooper123'),(455,'aurora.lawson@x.dummyjson.com','Aurora Lawson','auroralawson','auroralawson123'),(456,'eli.ward@x.dummyjson.com','Eli Ward','eliward','eliward123'),(457,'abigail.rivera@x.dummyjson.com','Abigail Rivera','abigailrivera','abigailrivera123'),(458,'cameron.perez@x.dummyjson.com','Cameron Perez','cameronperez','cameronperez123'),(459,'aria.roberts@x.dummyjson.com','Aria Roberts','ariaroberts','ariaroberts123'),(460,'hunter.gordon@x.dummyjson.com','Hunter Gordon','huntergordon','huntergordon123'),(461,'christopher.west@x.dummyjson.com','Christopher West','christopherwest','christopherwest123'),(462,'addison.ward@x.dummyjson.com','Addison Ward','addisonward','addisonward123'),(463,'hazel.evans@x.dummyjson.com','Hazel Evans','hazelevans','hazelevans123'),(464,'christian.perez@x.dummyjson.com','Christian Perez','christianperez','christianperez123'),(465,'aubrey.garcia@x.dummyjson.com','Aubrey Garcia','aubreygarcia','aubreygarcia123'),(466,'miles.stevenson@x.dummyjson.com','Miles Stevenson','milesstevenson','milesstevenson123'),(467,'henry.adams@x.dummyjson.com','Henry Adams','henryadams','henryadams123'),(468,'ava.taylor@x.dummyjson.com','Ava Taylor','avataylor','avataylor123'),(469,'connor.baker@x.dummyjson.com','Connor Baker','connorbaker','connorbaker123'),(470,'elena.baker@x.dummyjson.com','Elena Baker','elenabaker','elenabaker123'),(471,'grayson.coleman@x.dummyjson.com','Grayson Coleman','graysoncoleman','graysoncoleman123'),(472,'isabella.anderson@x.dummyjson.com','Isabella Anderson','isabellaanderson','isabellaanderson123'),(473,'nathan.dixon@x.dummyjson.com','Nathan Dixon','nathandixon','nathandixon123'),(474,'zoe.nicholson@x.dummyjson.com','Zoe Nicholson','zoenicholson','zoenicholson123'),(475,'hazel.evans@x.dummyjson.com','Hazel Evans','hazelevans','hazelevans123'),(476,'sophia.jones@x.dummyjson.com','Sophia Jones','sophiajones','sophiajones123'),(477,'abigail.rivera@x.dummyjson.com','Abigail Rivera','abigailrivera','abigailrivera123'),(478,'jackson.morales@x.dummyjson.com','Jackson Morales','jacksonmorales','jacksonmorales123'),(479,'cameron.perez@x.dummyjson.com','Cameron Perez','cameronperez','cameronperez123'),(480,'nova.cooper@x.dummyjson.com','Nova Cooper','novacooper','novacooper123'),(481,'lucas.ramirez@x.dummyjson.com','Lucas Ramirez','lucasramirez','lucasramirez123'),(482,'chloe.roberts@x.dummyjson.com','Chloe Roberts','chloeroberts','chloeroberts123'),(483,'benjamin.foster@x.dummyjson.com','Benjamin Foster','benjaminfoster','benjaminfoster123'),(484,'carter.rivera@x.dummyjson.com','Carter Rivera','carterrivera','carterrivera123'),(485,'harper.garcia@x.dummyjson.com','Harper Garcia','harpergarcia','harpergarcia123'),(486,'violet.roberts@x.dummyjson.com','Violet Roberts','violetroberts','violetroberts123'),(487,'gabriel.adams@x.dummyjson.com','Gabriel Adams','gabrieladams','gabrieladams123'),(488,'addison.ward@x.dummyjson.com','Addison Ward','addisonward','addisonward123'),(489,'nora.mills@x.dummyjson.com','Nora Mills','noramills','noramills123'),(490,'jacob.cooper@x.dummyjson.com','Jacob Cooper','jacobcooper','jacobcooper123'),(491,'mila.hernandez@x.dummyjson.com','Mila Hernandez','milahernandez','milahernandez123'),(492,'ella.adams@x.dummyjson.com','Ella Adams','ellaadams','ellaadams123'),(493,'asher.scott@x.dummyjson.com','Asher Scott','asherscott','asherscott123'),(494,'penelope.harper@x.dummyjson.com','Penelope Harper','penelopeharper','penelopeharper123'),(495,'nathan.reed@x.dummyjson.com','Nathan Reed','nathanreed','nathanreed123'),(496,'jaxon.barnes@x.dummyjson.com','Jaxon Barnes','jaxonbarnes','jaxonbarnes123'),(497,'mateo.perez@x.dummyjson.com','Mateo Perez','mateoperez','mateoperez123'),(498,'david.martinez@x.dummyjson.com','David Martinez','davidmartinez','davidmartinez123'),(499,'miles.stevenson@x.dummyjson.com','Miles Stevenson','milesstevenson','milesstevenson123'),(500,'hannah.robinson@x.dummyjson.com','Hannah Robinson','hannahrobinson','hannahrobinson123'),(501,'harper.turner@x.dummyjson.com','Harper Turner','harperturner','harperturner123'),(502,'clara.berry@x.dummyjson.com','Clara Berry','claraberry','claraberry123'),(503,'ella.adams@x.dummyjson.com','Ella Adams','ellaadams','ellaadams123'),(504,'gabriel.hayes@x.dummyjson.com','Gabriel Hayes','gabrielhayes','gabrielhayes123'),(505,'lila.hudson@x.dummyjson.com','Lila Hudson','lilahudson','lilahudson123'),(506,'leo.rivera@x.dummyjson.com','Leo Rivera','leorivera','leorivera123'),(507,'austin.hudson@x.dummyjson.com','Austin Hudson','austinhudson','austinhudson123'),(508,'tristan.scott@x.dummyjson.com','Tristan Scott','tristanscott','tristanscott123'),(509,'grace.perry@x.dummyjson.com','Grace Perry','graceperry','graceperry123'),(510,'mason.parker@x.dummyjson.com','Mason Parker','masonparker','masonparker123'),(511,'alice.smith@x.dummyjson.com','Alice Smith','alicesmith','alicesmith123'),(512,'stella.morris@x.dummyjson.com','Stella Morris','stellamorris','stellamorris123'),(513,'lillian.bishop@x.dummyjson.com','Lillian Bishop','lillianbishop','lillianbishop123'),(514,'john.doe@x.dummyjson.com','John Doe','johndoe','johndoe123'),(515,'aria.parker@x.dummyjson.com','Aria Parker','ariaparker','ariaparker123'),(516,'hazel.gardner@x.dummyjson.com','Hazel Gardner','hazelgardner','hazelgardner123'),(517,'hunter.gordon@x.dummyjson.com','Hunter Gordon','huntergordon','huntergordon123'),(518,'ethan.fletcher@x.dummyjson.com','Ethan Fletcher','ethanfletcher','ethanfletcher123'),(519,'aaron.cook@x.dummyjson.com','Aaron Cook','aaroncook','aaroncook123'),(520,'samantha.howard@x.dummyjson.com','Samantha Howard','samanthahoward','samanthahoward123'),(521,'henry.hill@x.dummyjson.com','Henry Hill','henryhill','henryhill123'),(522,'lucas.ramirez@x.dummyjson.com','Lucas Ramirez','lucasramirez','lucasramirez123'),(523,'harper.kelly@x.dummyjson.com','Harper Kelly','harperkelly','harperkelly123'),(524,'sofia.mitchell@x.dummyjson.com','Sofia Mitchell','sofiamitchell','sofiamitchell123'),(525,'eli.bennett@x.dummyjson.com','Eli Bennett','elibennett','elibennett123'),(526,'leah.hughes@x.dummyjson.com','Leah Hughes','leahhughes','leahhughes123'),(527,'lila.hudson@x.dummyjson.com','Lila Hudson','lilahudson','lilahudson123'),(528,'ethan.martinez@x.dummyjson.com','Ethan Martinez','ethanmartinez','ethanmartinez123'),(529,'aria.flores@x.dummyjson.com','Aria Flores','ariaflores','ariaflores123'),(530,'stella.hughes@x.dummyjson.com','Stella Hughes','stellahughes','stellahughes123'),(531,'mason.pearson@x.dummyjson.com','Mason Pearson','masonpearson','masonpearson123'),(532,'mason.parker@x.dummyjson.com','Mason Parker','masonparker','masonparker123'),(533,'grace.green@x.dummyjson.com','Grace Green','gracegreen','gracegreen123'),(534,'madison.stewart@x.dummyjson.com','Madison Stewart','madisonstewart','madisonstewart123'),(535,'nolan.bryant@x.dummyjson.com','Nolan Bryant','nolanbryant','nolanbryant123'),(536,'julian.newton@x.dummyjson.com','Julian Newton','juliannewton','juliannewton123'),(537,'elena.baker@x.dummyjson.com','Elena Baker','elenabaker','elenabaker123'),(538,'chloe.morales@x.dummyjson.com','Chloe Morales','chloemorales','chloemorales123'),(539,'levi.hicks@x.dummyjson.com','Levi Hicks','levihicks','levihicks123'),(540,'nicholas.edwards@x.dummyjson.com','Nicholas Edwards','nicholasedwards','nicholasedwards123'),(541,'nathan.dixon@x.dummyjson.com','Nathan Dixon','nathandixon','nathandixon123'),(542,'chloe.morales@x.dummyjson.com','Chloe Morales','chloemorales','chloemorales123'),(543,'nicholas.edwards@x.dummyjson.com','Nicholas Edwards','nicholasedwards','nicholasedwards123'),(544,'james.garcia@x.dummyjson.com','James Garcia','jamesgarcia','jamesgarcia123'),(545,'grayson.coleman@x.dummyjson.com','Grayson Coleman','graysoncoleman','graysoncoleman123'),(546,'nolan.bryant@x.dummyjson.com','Nolan Bryant','nolanbryant','nolanbryant123'),(547,'lily.lee@x.dummyjson.com','Lily Lee','lilylee','lilylee123'),(548,'brandon.collins@x.dummyjson.com','Brandon Collins','brandoncollins','brandoncollins123'),(549,'avery.scott@x.dummyjson.com','Avery Scott','averyscott','averyscott123'),(550,'chloe.morales@x.dummyjson.com','Chloe Morales','chloemorales','chloemorales123'),(551,'scarlett.bowman@x.dummyjson.com','Scarlett Bowman','scarlettbowman','scarlettbowman123'),(552,'tyler.davis@x.dummyjson.com','Tyler Davis','tylerdavis','tylerdavis123'),(553,'ethan.fletcher@x.dummyjson.com','Ethan Fletcher','ethanfletcher','ethanfletcher123'),(554,'nathan.dixon@x.dummyjson.com','Nathan Dixon','nathandixon','nathandixon123'),(555,'savannah.gomez@x.dummyjson.com','Savannah Gomez','savannahgomez','savannahgomez123'),(556,'ella.adams@x.dummyjson.com','Ella Adams','ellaadams','ellaadams123'),(557,'lillian.bishop@x.dummyjson.com','Lillian Bishop','lillianbishop','lillianbishop123'),(558,'aria.roberts@x.dummyjson.com','Aria Roberts','ariaroberts','ariaroberts123'),(559,'owen.fisher@x.dummyjson.com','Owen Fisher','owenfisher','owenfisher123'),(560,'xavier.wright@x.dummyjson.com','Xavier Wright','xavierwright','xavierwright123'),(561,'william.gonzalez@x.dummyjson.com','William Gonzalez','williamgonzalez','williamgonzalez123'),(562,'grace.green@x.dummyjson.com','Grace Green','gracegreen','gracegreen123'),(563,'aubrey.garcia@x.dummyjson.com','Aubrey Garcia','aubreygarcia','aubreygarcia123'),(564,'logan.lee@x.dummyjson.com','Logan Lee','loganlee','loganlee123'),(565,'ethan.martinez@x.dummyjson.com','Ethan Martinez','ethanmartinez','ethanmartinez123'),(566,'christopher.west@x.dummyjson.com','Christopher West','christopherwest','christopherwest123'),(567,'mila.hernandez@x.dummyjson.com','Mila Hernandez','milahernandez','milahernandez123'),(568,'nova.cooper@x.dummyjson.com','Nova Cooper','novacooper','novacooper123'),(569,'nicholas.bailey@x.dummyjson.com','Nicholas Bailey','nicholasbailey','nicholasbailey123'),(570,'paisley.bell@x.dummyjson.com','Paisley Bell','paisleybell','paisleybell123'),(571,'logan.lee@x.dummyjson.com','Logan Lee','loganlee','loganlee123'),(572,'leah.henderson@x.dummyjson.com','Leah Henderson','leahhenderson','leahhenderson123'),(573,'mateo.nguyen@x.dummyjson.com','Mateo Nguyen','mateonguyen','mateonguyen123'),(574,'evan.reed@x.dummyjson.com','Evan Reed','evanreed','evanreed123'),(575,'isabella.jackson@x.dummyjson.com','Isabella Jackson','isabellajackson','isabellajackson123'),(576,'liam.garcia@x.dummyjson.com','Liam Garcia','liamgarcia','liamgarcia123'),(577,'lucas.allen@x.dummyjson.com','Lucas Allen','lucasallen','lucasallen123'),(578,'bella.gonzalez@x.dummyjson.com','Bella Gonzalez','bellagonzalez','bellagonzalez123'),(579,'michael.johnson@x.dummyjson.com','Michael Johnson','michaeljohnson','michaeljohnson123'),(580,'emily.brown@x.dummyjson.com','Emily Brown','emilybrown','emilybrown123'),(581,'liam.smith@x.dummyjson.com','Liam Smith','liamsmith','liamsmith123'),(582,'mila.hernandez@x.dummyjson.com','Mila Hernandez','milahernandez','milahernandez123');
/*!40000 ALTER TABLE `users` ENABLE KEYS */;
UNLOCK TABLES;
/*!40103 SET TIME_ZONE=@OLD_TIME_ZONE */;

/*!40101 SET SQL_MODE=@OLD_SQL_MODE */;
/*!40014 SET FOREIGN_KEY_CHECKS=@OLD_FOREIGN_KEY_CHECKS */;
/*!40014 SET UNIQUE_CHECKS=@OLD_UNIQUE_CHECKS */;
/*!40101 SET CHARACTER_SET_CLIENT=@OLD_CHARACTER_SET_CLIENT */;
/*!40101 SET CHARACTER_SET_RESULTS=@OLD_CHARACTER_SET_RESULTS */;
/*!40101 SET COLLATION_CONNECTION=@OLD_COLLATION_CONNECTION */;
/*!40111 SET SQL_NOTES=@OLD_SQL_NOTES */;

-- Dump completed on 2025-01-13 17:20:28
